Id,C祚igo,Nombre,Categoria,Marca,Costo Base,Existencia actual,PRECIO DE VENTA DETAL,PRECIO DE Venta Mayor,fecha
1,2,Bicicleta BMX modelo lancer,Bicicletas,GW,197,0,230.00735,230,7/20/2022
2,3,Bicicleta Cliff modelo rock sport,Bicicletas,Cliff,617,0,684.87,709.55,7/20/2022
3,4,BICICLETA CLIFF 12*1,Bicicletas,Cliff,961,0,1150.00948,1057.1,7/20/2022
4,5,"Bicicleta GW Atlas rin 29""",Bicicletas,GW,200,0,240,220,7/20/2022
5,6,"Bicicleta GW florecita rin 16""",Bicicletas,GW,152,0,153.52,167.2,7/20/2022
6,7,Bicicleta GW Hyena 7x3 velocidades,Bicicletas,GW,300,0,390,345,7/20/2022
7,8,"Bicicleta GW On trail rin 12""",Bicicletas,GW,152,0,152,174.8,7/20/2022
8,9,"Bicicleta GW princess Siren rin 20""",Bicicletas,GW,152,0,153.52,174.8,7/20/2022
9,10,"Bicicleta GW Scorpion rin 29"" CON MANILLAS SHIMANO",Bicicletas,GW,250,0,312.5,287.5,7/20/2022
10,11,"Bicicleta GW Titan rin 29""",Bicicletas,GW,200,0,260,230,7/20/2022
11,12,Bicicleta OPTIMUS Aquila Max,Bicicletas,Optimus,500,0,650,575,7/20/2022
12,13,Bicicleta Profit Boston X20,Bicicletas,Optimus,437,0,498.18,502.55,7/20/2022
13,14,Bicicleta Profit Montana,Bicicletas,Optimus,0,0,0,0,7/20/2022
14,15,Bolso Portacelular plano GW,Accesorios,GW,13,0,18.2,15.6,7/20/2022
15,16,Bomba  de Aire GW,Accesorios,GW,4.25,0,8.5,5.1,7/20/2022
16,17,Bomba de Aire Portatil BKS P150,Accesorios,BKS,7.2,0,10.08,8.64,7/20/2022
17,18,Bomba portable marca flip,Accesorios,Otras,5.5,3,10,8,7/20/2022
18,19,"Bombas de pie con medidor, marca Bike parts",Accesorios,Otras,12.7,0,22.987,14.605,7/20/2022
19,20,"Cadena 10V, MARCA GW",Repuestos,GW,14.5,0,18.85,17.4,7/20/2022
20,21,"Cadena 8V, MARCA GW ",Repuestos,GW,0,0,0,0,7/20/2022
21,22,"Cadena 9V, MARCA GW",Repuestos,GW,11.5,0,14.95,13.8,7/20/2022
22,23,Casco Armour,Accesorios,On Trail,13,0,20.15,15.6,7/20/2022
23,24,Casco GW para ninos,Accesorios,GW,10.5,1,18,15,7/20/2022
24,26,Casco On Trail,Accesorios,On Trail,20.5,0,36.9,24.6,7/20/2022
25,27,Casco On Trail Dash,Accesorios,On Trail,16.48,0,23.896,20.6,7/20/2022
26,28,Casco Optimus Siriuis,Accesorios,Optimus,25.5,0,34.935,31.875,7/20/2022
27,29,Casco STL sin luz ,Accesorios,STL,32.5,0,41.925,37.375,7/20/2022
28,30,"Cassette 10V, MARCA GW 11-46",Repuestos,GW,45.5,0,60.00085,60.00085,7/20/2022
29,31,"Cassette 10V, MARCA GW 11-50",Repuestos,GW,47.63,0,59.5375,59.5375,7/20/2022
30,32,Descarrilador shimano Altus  ,Repuestos,Shimano,15.5,0,30.225,17.825,7/20/2022
31,33,"Cassette 11V, MARCA GW 11-46",Repuestos,GW,53.93,1,70.00114,70.00114,7/20/2022
32,34,Descarrilador shimano altus  9V ,Repuestos,Shimano,18.2,0,24.57,21.84,7/20/2022
33,35,"Cassette 8V, MARCA GW 11-40",Repuestos,GW,23.93,0,31.109,29.9125,7/20/2022
34,36,"Cassette 8V, MARCA GW 11-42",Repuestos,GW,23.93,0,31.109,27.5195,7/20/2022
35,37,"Cassette 9V, MARCA GW 11-40",Repuestos,GW,26.5,0,39.22,31.8,7/20/2022
36,38,"Cassette 9V, MARCA GW 11-46",Repuestos,GW,46,0,60.0024,60.0024,7/20/2022
37,39,100% Isolate Whey Protein,Nutricion,Otras,47.3216,0,65.00094976,54.41984,7/20/2022
38,40,CANA P/GALAPAGO MARCA CLIFF 31.6MM,Accesorios,Cliff,5.75,2,15,11,7/20/2022
39,809024,Clip para Zapatos (par),Accesorios,GW,12.5,2,20,15,7/20/2022
40,42,EXTRACTOR DE EJE CENTRO(BBT-79),herramientas,Otras,34.26,0,51.39285714,39.40119048,7/20/2022
41,43,Gomas de freno R-470TC,Repuestos,GW,9,0,12.96,10.8,7/20/2022
42,44,gomas de frenoR-450,Repuestos,GW,3,0,4.8,3.6,7/20/2022
43,45,Grupo de Cambios Optimus 2*10 ,Repuestos,Optimus,205,0,278.8,246,7/20/2022
44,46,Llave extractor de biela,herramientas,Otras,5.65,5,8,6.5,7/20/2022
45,47,Guantes profit,Accesorios,Profit,6.5,0,13,6.565,7/20/2022
46,48,Guayas de freno para bicicleta de ruta,Otros,GW,3.2,0,4.48,3.68,7/20/2022
47,49,Juegos de pastillas de ceramica genericas,Repuestos,GW,5,0,6,5.75,7/20/2022
48,50,Kit completo de reparacion T270,Otros,Otras,0,0,0,0,7/20/2022
49,51,lentes de Ciclismo,Accesorios,Otras,10.5,5,12.0015,12.075,7/20/2022
50,52,Licra Xtrail ,Accesorios,Otras,32.5,0,42.25,37.375,7/20/2022
51,53,Luz de Triangulo GW,Accesorios,GW,9.8,0,14.7,11.27,7/20/2022
52,55,Medias para ciclismo GW,Accesorios,GW,4.6,0,7.59,5.29,7/20/2022
53,56,Mini Bolso portaherramienta GW,Accesorios,GW,9.5,0,12.92,10.925,7/20/2022
54,57,Pacha cassette optimus 9V 11-40T  ,Repuestos,Optimus,16.5,0,33,18.975,7/20/2022
55,58,Pacha shimano cassette 8V Megarange 11-34T ,Repuestos,Shimano,21.5,0,34.83,24.725,7/20/2022
56,59,Pacha shimano cassette 9V 11-34T ,Repuestos,Shimano,24.5,0,36.75,28.175,7/20/2022
57,60,Paral fijo de Bicicleta,Accesorios,Otras,16,0,22.88,19.2,7/20/2022
58,61,Paral Trasero ajustable para bicicleta,Accesorios,Otras,8.5,0,12.75,10.2,7/20/2022
59,62,Paral Trasero sencillo para bicicleta,Accesorios,Otras,6.5,0,9.75,7.8,7/20/2022
60,63,Portabicicleta para carros ,Accesorios,Otras,45,0,49.5,54,7/20/2022
61,64,Portacelular GW ,Accesorios,GW,8.5,0,14.875,10.2,7/20/2022
62,65,Portaherramientas imitacion GW,Accesorios,GW,5.5,0,9.9,6.6,7/20/2022
63,66,Portatermo Aluminio GW ,Accesorios,GW,6.5,0,10.01,7.475,7/20/2022
64,67,Portatermo GW Aluminio Grueso,Accesorios,GW,8.5,0,11.9,10.2,7/20/2022
65,68,Protector de Cadena ,Accesorios,Adrianny,5,0,8.5,6,7/20/2022
66,69,Suspension de Aceite marca Partner,Repuestos,PARTNER,88,0,150,100,7/20/2022
67,70,Punos Optimus,Accesorios,Optimus,5.5,1,8,6.5,7/20/2022
68,71,Suspension de Aire marca Optimus,Repuestos,Optimus,145,0,180,175,7/20/2022
69,72,Puntillas Juego en bl押ter ,Repuestos,Otras,3.5,0,7,4.2,7/20/2022
70,73,Termo con Portatermo Bianchi,Accesorios,Otras,4,0,7,5,7/20/2022
71,74,Termo de Agua K6 aislante,Accesorios,BKS,11.3,0,14.69,16.95,7/20/2022
72,75,Termo de Agua K6 sencillo,Accesorios,BKS,7.25,0,12.325,10.875,7/20/2022
73,76,Termos optimus,Accesorios,Optimus,8.5,0,14.9923,10.99645,7/20/2022
74,77,"Tripa BKS rin 24""",Repuestos,BKS,1,3,5.007,4.5,7/20/2022
75,78,una convertidora para tensor de hierro,Repuestos,Otras,1.22,3,2.0008,2.0008,7/20/2022
76,79,Volante profit,Repuestos,Profit,5,0,10,7.5,7/20/2022
77,80,MULTIHERRAMIENTA CON PICA CADENAS,Accesorios,Otras,10,2,13,11.5,7/20/2022
78,000080-1,MULTIHERRAMIENTA CON PICA CADENAS Y BOLSO,Accesorios,Otras,4,2,9,8,7/20/2022
79,81,LLANTA LIZARD RIN 29,Repuestos,LIZARD,20,0,24,23,7/20/2022
80,82,MANILLA DE FRENO IZQUIERDA LOGAN,Repuestos,LOGAN,5,0,7,6,7/20/2022
81,83,PUNTILLA GENERICAS,Repuestos,Otras,5,0,8,6,7/20/2022
82,84,DESCARRILADOR SHIMANO DEORE 2X10 FD-M4100-M,Repuestos,Shimano,23.36,0,36.208,28.032,7/20/2022
83,85,DISCOS DE FRENO 160MM LOGAN DE TORNILLO,Repuestos,LOGAN,5,0,7,5,7/20/2022
84,86,ESPIGA GW SENCILLA 90 MM,Repuestos,GW,8,1,12,9,7/20/2022
85,000086-1,ESPIGA CLIFF,Repuestos,Cliff,5.75,2,15,10,7/20/2022
86,87,PACHA ON TRAIL 10VELOCIDADES 11-42T,Repuestos,On Trail,41.95945946,0,60.00202703,49.00864865,7/20/2022
87,88,"Arandela 34,9MM (Negro)",Repuestos,AC,3,0,4.005,3.45,7/20/2022
88,90,GUANTE REFLECTIVO DRIGOM,Accesorios,GW,8.6,0,15.0027,10.9994,7/20/2022
89,91,TRIPLATO 40-30-20 T (GRUPO ALTUS),Repuestos,Shimano,20,0,35,26,7/20/2022
90,92,Portacelular plastico,Accesorios,Otras,8,2,12,11,7/20/2022
91,108,DISCOS DE FRENO SHIMANO SM-RT54,Repuestos,Shimano,20,2,25,24,7/20/2022
92,121,TEIPE TUBELESS 25MM X 914M,Accesorios,Otras,5.98,0,9.00588,7.50191,7/20/2022
93,400,PU헲 ESPUMA EVA,Accesorios,Otras,6.9,2,10.005,8.5008,7/20/2022
94,718,CARAMANOLA TOUR ELITE DRIGOM,Accesorios,Otras,3.4,1,8.000271429,5.503371429,7/20/2022
95,739,Whey Tech pro ,Nutricion,Otras,1.06,0,2.00234,1.4999,7/20/2022
96,797,MM The better nut bar ,Nutricion,Otras,0.58,0,1.000268,1.000268,7/20/2022
97,931,PANTALONETA SPORT C/T xpedition,Ropa,XPEDITION,33.89,1,45.00843243,40.0026,7/20/2022
98,1005,CAMISETA CICLISMO MANGA LARGA HOMBRE,Ropa,XTRIAN,27.36486486,8,35.00513514,32.00320946,7/20/2022
99,1110,GALAPAGO JR. LOGOS CON,Accesorios,Otras,8.76,0,15.00032432,10.99848649,7/20/2022
100,1119,PANTALONETA C/C HOMBRE PREMIUM ZERIE,Ropa,Otras,26.82432365,0,40.00847872,33.02074241,7/20/2022
101,1123,MEDIAS CICLISMO ZERIE,Ropa,Otras,5.770271162,0,8.009136373,7.005109191,7/20/2022
102,1440,Bike Mirror,Accesorios,Otras,9.5172,1,15.0086244,12.0011892,7/20/2022
103,2007,PANTALONETA PRO EN COLORES C/TIRANTAS DAMA,Ropa,XTRIAN,24.08,1,40.001696,32.00232,7/20/2022
104,2009,PANTALONETA PRO NEGRA C/ TIRANTAS DAMA,Ropa,XTRIAN,24.08,1,40.001696,32.00232,7/20/2022
105,2012,MAILLOT DE CICLISMO MARCA XPEDITION,Ropa,XPEDITION,18.71621684,2,35.0086836,28.0088185,7/20/2022
106,2012-1,UNIFORME DE CICLISMO MARCA XPEDITION (LICRA+MAILLOT),Ropa,XPEDITION,51.12,1,75,70,7/20/2022
107,2030,Atkins Barras,Nutricion,Otras,1.12,0,2.00032,1.5008,7/20/2022
108,2160,C4 extreme Ice Blue Razz,Nutricion,Otras,20.7036,0,25.0099488,25.0099488,7/20/2022
109,2337,MEDIAS LARGAS XPEDITION,Ropa,XPEDITION,4.97,0,9.001081081,6.002378378,7/20/2022
110,2441,This Save Life Bar,Nutricion,Otras,0.8,0,2,2,7/20/2022
111,2543,CAMISETA REFLECTIVA MCORTA NIGHT,Ropa,Otras,24.12162138,1,38,33,7/20/2022
112,3400,CESTA PORTATERMO,Accesorios,Otras,9.9,0,14.00355,13.0086,7/20/2022
113,3405,MALETIN MTB TRSERO MED ADRIANI,Accesorios,Adrianny,4.91,0,10.00458,5.996854286,7/20/2022
114,3503,BOXER ELEVEN,Ropa,Otras,15.74324305,0,24.00844566,19.00209437,7/20/2022
115,3733,SILLA STL SNAKE,Accesorios,Otras,12.47297297,0,20.00041216,16.21486486,7/20/2022
116,4134,MANGO XPEED JR LOGO NINA,Accesorios,Otras,11.59,0,15.00340541,14.00047297,7/20/2022
117,4422,Nutrigraim,Nutricion,Otras,3.848,0,9.00432,4.998552,7/20/2022
118,5177,Licras para Ciclismo Zefal,Ropa,ZEFAL,26.36,0,35.00608,30.314,7/20/2022
119,5767,Muscle Tech Whey Protein,Nutricion,Otras,41.9716,0,65.00561408,48.26734,7/20/2022
120,6020,GUANTE ANTIDESLIZANTE ADRIANI,Ropa,Adrianny,8.45,4,12.00745,10.0048,7/20/2022
121,6107,GUANTES NI헲 ECONOMICO ESTAMPADO DEDOS,Accesorios,GW,7.229728973,2,10,8.5,7/20/2022
122,7190,CASCO ENDURO NEGRO MATE MRR,Accesorios,MRR,30.02,0,45.005984,35.00332,7/20/2022
123,7906,Lentes de Ciclismo,Accesorios,Otras,8.119066667,0,12.0080996,9.499308,7/20/2022
124,8015,Natural caffeine,Nutricion,Otras,12.7593,2,20.00020275,15.31116,7/20/2022
125,9176,C4 Sport Otg blue,Nutricion,Otras,14.8993,0,20.00231025,17.9983544,7/20/2022
126,12322,Vapor X5 Pre-Work Out Muscle Tech,Nutricion,Otras,22.3679,1,30.00653785,30.00430106,7/20/2022
127,13500,Bolso de Hidratacion Avia,Accesorios,Otras,31.3358,0,37.0075798,37.00131264,7/20/2022
128,13746,Termo led 20,Accesorios,Otras,7.2916,0,11.0030244,11.0030244,7/20/2022
129,14038,PECHERA EVS BANTAM NEGRO NI헲 (S/M),Accesorios,Otras,50.378379,1,70.00579546,60.00064939,7/20/2022
130,15380,16 OZ Tube Sealant Slime,Repuestos,Otras,11.6572,0,12.006916,12.006916,7/20/2022
131,18400,Vivarin,Nutricion,Otras,8.3188,0,13.0022844,13.0022844,7/20/2022
132,18725,Cinturon Koala(waist pack) 1 termo ,Accesorios,Otras,25.1588,1,34.0021182,30.001869,7/20/2022
133,22502,Cla Carnitine Collagen Caffeine,Nutricion,Otras,24.7736,1,40.009364,30.0008296,7/20/2022
134,24050,ANTIPINCHAZO MICROESFERA 1L,Accesorios,Otras,24.95,0,37.00085,32.00087,7/20/2022
135,25732,Electrolyte Fizz Bodytech,Nutricion,Otras,0.7,0,1.5001,1.5001,7/20/2022
136,26665,Essential Amino energy,Nutricion,Otras,29.8093,2,40.0040806,34.2,7/20/2022
137,29198,C4 Sport Pre Work Out,Nutricion,Otras,22.3786,0,32.001398,32.001398,7/20/2022
138,40006,GRUPO ALTUS M2000 2X9 VEL 36-22T 1136T,Repuestos,Otras,192.6000008,0,300,250,7/20/2022
139,40010,GRUPO DEORE M6100 32T   10-51T *12 VELOCIDADES,Repuestos,Shimano,417.86,0,650.002123,530.013624,7/20/2022
140,40030,GRUPO SHIMANO CLARIS COMBO  ,Repuestos,Shimano,283.05,1,425.0137275,349.991325,7/20/2022
141,49947,Vitamina C,Nutricion,Otras,10.5016,1,14.0091344,13.9986328,7/20/2022
142,50074,GRUPOS SORA R3000 50-34T 11/32T 9V SHIMANO,Repuestos,Shimano,321.6,1,520.01112,459.98448,7/20/2022
143,50085,GRUPO DEORE M6000 HIDRAULICO TRIPLE 10V,Repuestos,Shimano,340.3378385,0,550.0199807,509.9962509,7/20/2022
144,50096,GRUPO TOURNEY TX HIDRAULICO 3*8VEL. 42-34-24T,Repuestos,Shimano,122.27,1,190.00758,165.003365,7/20/2022
145,50097,GRUPO ALTUS 40-30-22T 11-36T 3X9 ECONOMICO ,Repuestos,Shimano,181.68,0,275.0024703,250.0038973,7/20/2022
146,50514,"Tripa 29"" slimetube",Repuestos,Otras,8.4472,0,12.0034712,12.0034712,7/20/2022
147,55032,Casco Zefal,Accesorios,ZEFAL,21.05,0,40.005525,31.996,7/20/2022
148,55057,Bolso de Hidratacion Zefal 1.5 L,Accesorios,ZEFAL,42.0679,0,58.00742731,55.00377925,7/20/2022
149,55153,Bolso de Hidratacion Zefal(Bomba+luz),Accesorios,ZEFAL,47.4179,0,60.00261066,60.00261066,7/20/2022
150,55707,Bolso de Hidratacion Zefal,Accesorios,ZEFAL,36.7179,0,52.00356177,52.00356177,7/20/2022
151,55901,Bomba de Aire Zefal,Accesorios,ZEFAL,15.6572,1,22.0061946,19.0000122,7/20/2022
152,55926,Guantes Zefal,Ropa,ZEFAL,17.0072,0,24.0056628,21.9988132,7/20/2022
153,60225,BICICLETA MTB 27.5 DEER 7.3 GW 9 VEL D/B,Bicicletas,GW,364.97,0,460.01,419.970979,7/20/2022
154,60395,BICICLETA GW LIGHTING 20,Bicicletas,GW,141.54,0,180.003495,155.000454,7/20/2022
155,60414,BIcicleta  ZEBRA GW 7 VELOCIDADES  FRENOS MECANICOS,Bicicletas,GW,257,0,330.00085,289.9988,7/20/2022
156,60555,BICICLETA MTB 29 LYNX 9 VEL 9.3 D/B HIDRAULICA,Bicicletas,GW,350.08,0,460.00512,400.001408,7/20/2022
157,60566,BICICLETA MTB 29 JACKAL 9.3 D/B 9 VEL,Bicicletas,GW,425.24,0,550.005416,490.004052,7/20/2022
158,60579,BICICLETA ALUMINIO 29 HYENA 9 VEL GW,Bicicletas,GW,425.24,0,550.005416,490.004052,7/20/2022
159,60675,BICICLETA MTB GW  SCORPION D/B  7V  con manillas scorpion,Bicicletas,GW,251,0,300.00775,279.9905,7/20/2022
160,60676,BICICLETA ALUMINIO JAGUAR 29P 7 VEL DISCO,Bicicletas,GW,256.86,0,330.000885,290.0154888,7/20/2022
161,60683,BICICLETA MTB 29 HAWK GW 11 VEL D/B,Bicicletas,GW,627,0,980.001,850.0239,7/20/2022
162,60685,Bicicleta  GW Zebra 7 VELOCIDADES FRENOS HIDRAULICO,Bicicletas,GW,269.5,0,369.99655,320.0043,7/20/2022
163,60686,BICICLETA MTB 29 JACKAL 11 VEL RL GW,Bicicletas,GW,634.11,0,869.99892,799.993176,7/20/2022
164,75792,Centrun Men,Nutricion,Otras,11.4218,1,17.0013493,13.13507,7/20/2022
165,80094,termo 50S squirt,Accesorios,Otras,8.3072,0,12.00224256,10.0018688,7/20/2022
166,80745,CAMISETA M/C HOMBRE,Ropa,Otras,21.41891911,1,35,30,7/20/2022
167,81200,3-Bike Rack,Accesorios,Otras,73.4358,1,105.0058504,87.99811914,7/20/2022
168,86000,4-Bike hitch,Accesorios,Otras,178.73,0,250.007524,209.9809405,7/20/2022
169,98530,Bomba de Aire Airtower,Accesorios,Otras,21.0072,0,30.0087852,25.20864,7/20/2022
170,100064,8 OZ sealant,Accesorios,Otras,8.4472,0,10.00486368,10.00486368,7/20/2022
171,101102,BALIN 1/8P TAIWAN Pte. de Gruesa,Repuestos,Otras,0.3,0,1.0005,1.0005,7/20/2022
172,101104,BALIN 5/32P TAIWAN Pte. de Gruesa,Repuestos,Otras,0.3,0,1.005,1.0005,7/20/2022
173,101106,BALIN 3/16P TAIWAN Pte. de Gruesa,Repuestos,Otras,0.3,0,1.005,1.0005,7/20/2022
174,101109,BALIN 1/4P TAIWAN TRASERO,Repuestos,Otras,0.3,0,1.0005,1.0005,7/20/2022
175,102102,BALINERA EJE DELANTERO #11 3/16X7,Repuestos,Otras,1.027025865,0,1.501511814,1.501511814,7/20/2022
176,102104,BALINERA EJE TRASERO #12 1/4X7,Repuestos,Otras,1.043242027,0,1.500182035,1.500182035,7/20/2022
177,102106,BALINERA DIRECCION #17 5/32X16,Repuestos,Otras,1.036487973,0,1.500834585,1.500834585,7/20/2022
178,103115,CAZUELAS TRASERA C/PESTA헤 POWER,Repuestos,Otras,1.09,0,1.50093,1.50093,7/20/2022
179,104218,JGO CENTRO SM-BB71-41A MTB PRESS FIT,Repuestos,Shimano,20.66,1,35.002172,28.00463,7/20/2022
180,104219,JUEGO CENTRO SM-BB71-41B RUTA PRESS FIT,Repuestos,Shimano,19.53,1,30.00327703,25.00435811,7/20/2022
181,105102,JUEGO DIRECCION ACERO CC TAZA NECO,Repuestos,Neco,2.62,0,4.003216216,3.145945946,7/20/2022
182,105410,JGO DIRECCION AHEAD ACE 1P CC-825 NE,Repuestos,Neco,4.662162459,2,6.00952741,6.00952741,7/20/2022
183,105425,JGO DIRECCION INTEG AC 1-1/8 H142 NEGRO,Repuestos,GW,6.54,6,10.0062,8.00496,7/20/2022
184,105426,JUEGO  DIRECCION INTEG AC 1 -1/8 GW -148 ,Repuestos,GW,6.74,12,10.0089,8.9979,7/20/2022
185,105438,JUEGO DIRECCION GW H51/261 COLORES,Repuestos,GW,8.9,10,15.00084324,10.99705946,7/20/2022
186,105439,JUEGO DIRECCION GW SEMI-INTEG 1-1/8x44x30,Repuestos,GW,13.54,1,20.00535,15.00232,7/20/2022
187,105443,JUEGO DE DIRECCION GW INTEGRADO CONICA 1-1/8 H373 ALUMINIO,Repuestos,GW,12.3,7,18.00078378,15.0027027,7/20/2022
188,105454,JUEGO DIRECCION GW FP-819B,Repuestos,GW,6.32,7,10.00456,8,7/20/2022
189,124004,PARAL DE PARED PARA BICICLETA,Accesorios,Otras,9.5,0,15.00905,12.996,7/20/2022
190,134363,Gatorade,Nutricion,Otras,15.6786,0,20.00119002,18.03039,7/20/2022
191,151000,CAMISETA M/CORTA CICLISTA,Ropa,Suarez,38.7,0,52.245,50.31,7/20/2022
192,193490,PEDAL LOOK KEO EASY SMU,Repuestos,Otras,48.45,0,75.0006,60.005325,7/20/2022
193,198536,Bomba de Aire pie 2 pistones,Accesorios,Otras,28.1472,1,40.00561536,34.9869696,7/20/2022
194,200036,Cinturon Koala 2 termos,Accesorios,Otras,16.9216,1,32.0072064,30,7/20/2022
195,201117,CABLE P/FRENO 20 X 2 DE 1.80 Mts. DE 1.5,Repuestos,Otras,1.099998595,0,1,1,7/20/2022
196,201201,CABLE P/CAMBIO DE 1.2X2 10 SHIMANO,Repuestos,Shimano,2.03,0,3.0044,2.3954,7/20/2022
197,201202,GUAYAS P/FRENO MTB TRASERO ,Repuestos,Shimano,2.1,0,3.0009,2.4045,7/20/2022
198,201202,GUAYAS P/FRENO MTB TRASERO INDIVIDUAL,Repuestos,Shimano,3.17,0,3.9942,3.9942,7/20/2022
199,201207,CABLE CAMBIO 1.2X2100 SHIMANO,Repuestos,Shimano,2.92,7,4.004756757,3.502702703,7/20/2022
200,241377,LUBRICANTE PARA CADENA CON TEFLON 120ML,Repuestos,Otras,5.519167167,0,9.001761649,6.995544384,7/20/2022
201,271418,LIQUIDO ANTIPINCHAZOS PL,Accesorios,Otras,10.49,4,15.0007,12.00056,7/20/2022
202,292521,SUSPENSION PARTNER 188 2 RIN 29,Repuestos,PARTNER,24.7,0,55.00056757,40.00355676,7/20/2022
203,300261,14 L Bolso de Hidratacion Ozark Trail,Accesorios,Otras,31.37,0,37.000915,34.507,7/20/2022
204,300497,Bolso de Hidratacion  Ozark Trail,Accesorios,Otras,26.0179,0,32.002017,32.002017,7/20/2022
205,301115,"Cadena 8V , MARCA KMC  ",Repuestos,KMC,10.44,11,16.00452,13,7/20/2022
206,301118,CONECTOR CADENA 10R KMC MISSING LINK,Repuestos,KMC,4.98,1,8.00286,6.0009,7/20/2022
207,301119,Conector Cadena 9 KMC,Repuestos,KMC,4.54,0,9.00736,7.79972,7/20/2022
208,301131,CONECTOR CADENA 11V MISSING LINK KMC,Repuestos,KMC,4.432433973,1,8.000543321,6.001515599,7/20/2022
209,301163,CONECTOR CADENA 9 VEL SL566 SILVER,Repuestos,Otras,4.500000243,1,7.006500379,5.496750297,7/20/2022
210,301206,CADENILLA HP 6 VEL 1/2X3/32 114L GRIS KMC,Repuestos,KMC,6.82,2,10.00494,8,7/20/2022
211,301221,CADENILLA 1/2 X 11/128 Z99 KMC 9 VEL,Repuestos,KMC,13.91,0,20.00258,16,7/20/2022
212,301222,CADENILLA KMC X10 VEL 1/2 X 11/128 SILVER,Repuestos,KMC,23.77333179,6,35,30,7/20/2022
213,301224,CADENILLA 1/2 *3/32 HG 9 VEL SHIMANO,Repuestos,Shimano,16.12,1,24.00509459,19.49910135,7/20/2022
214,301230,CADENILLA 7/8V KMC Z7,Repuestos,KMC,7.18,0,11.00694,8.99654,7/20/2022
215,301242,CADENILLA CN-HG40 116L 8 VEL SHIMANO,Repuestos,Shimano,10.88,0,17,14.00256,7/20/2022
216,301260,CADENILLA SHIMANO CN-HG601 11 VEL,Repuestos,Shimano,27.78,3,45.0036,38.00304,7/20/2022
217,301282,CADENILLA CN-M8100 DEORE 12 VEL SHIMANO,Repuestos,Shimano,43.62,0,65.0093027,54.99814054,7/20/2022
218,301283,CADENILLA CN-M6100 DEORE SHIMANO 12 VEL,Repuestos,Shimano,22.71,0,43.001385,30.02262,7/20/2022
219,301284,CADENILLA SHIMANO CN-HG6 11 VEL SHIMANO,Repuestos,Shimano,28.96,1,45.003,35.0004027,7/20/2022
220,302411,EJE CENTRO CARTUCHO GW-910BK ACERO NECO,Repuestos,Neco,7.04,15,13.00992,8.495872,7/20/2022
221,302416,CARTUCHO CENTRO BB-UN 26 C/TORNILLOS SHIMANO,Repuestos,Shimano,12.15,23,20.000115,15,7/20/2022
222,302426,CARTUCHO CENTRO FP-B908N,Repuestos,Shimano,8.89,0,11.00582,10.99693,7/20/2022
223,302430,CARTUCHO CENTRO BB-UN300,Repuestos,Shimano,11.23,0,20.00063,15.00328,7/20/2022
224,303213,PEDAL CARRERA CLIPLESS R540 SHIMANO,Accesorios,Shimano,41.73,0,60.00774,53.005446,7/20/2022
225,303224,CHOCLES MTB SM-SH51 P/PEDAL SHIMANO,Repuestos,Shimano,13.28,0,22.00496,16.9984,7/20/2022
226,303253,PEDAL SHIMANO PD-T421,Accesorios,Shimano,50.38,1,80.00344,70.00301,7/20/2022
227,303257,PEDAL XTR PD-M9100 W/SM SHIMANO,Accesorios,Shimano,124.86,0,184.9997838,151.0864865,7/20/2022
228,303260,PEDAL RUTA ZP-110 EN CARBON 9/16 GW,Accesorios,GW,39.83611119,0,50.00627038,45.00285482,7/20/2022
229,303261,CHOCLES PEDAL DE RUTA ZP GW,Accesorios,GW,6.85,6,12.00356757,8.495675676,7/20/2022
230,303301,PEDAL PVC BMX FP-810 NEGRO FEIMIN,Repuestos,Otras,4,2,5.00241,3.5014,7/20/2022
231,303333,PEDAL BMX/FREESTYLE ALUM FP-965 NEG,Accesorios,Otras,7.027026351,0,10.00648552,8.502701885,7/20/2022
232,303352,PEDAL MTB FP-913 ALUMINIO FEIMIN,Accesorios,Otras,7.41,0,12.00416216,8.997567568,7/20/2022
233,303353,PEDAL BMX FP-850B PLASTICO FEIMIN,Accesorios,Otras,3.41,0,5.005945946,4.001351351,7/20/2022
234,303365,PEDAL BMX/MTB FP-969,Repuestos,Otras,7.08,0,10.00594643,8.497619048,7/20/2022
235,303431,PEDAL MTB ALUMINIO JAULA,Repuestos,Otras,12.62,0,21.00469841,15.99967262,7/20/2022
236,303435,PEDAL MTB ALUM JAULA AL FP-975 NEGRO,Accesorios,Otras,14.2297303,0,18.00060883,16.49937228,7/20/2022
237,303442,PEDAL MTB CLIPLESS PD-M520 SHIMANO ,Accesorios,Shimano,33.89,0,51.0072973,42.00222162,7/20/2022
238,303442,PEDAL MTB CLIPLESS PD-M520 NAT-NEG SHIMA,Repuestos,Shimano,37.05333195,0,55,55,7/20/2022
239,303450,PEDAL MTB VP-518S ALUMINIO,Accesorios,Otras,10.74324257,1,15.00830987,13.00147216,7/20/2022
240,303454,PEDAL PD-GR500 NEGRO,Accesorios,Shimano,58.11,0,90.000768,69.999306,7/20/2022
241,303457,PEDAL MTB FP-980ZU ALUMINIO SILVER 9/16 GW,Accesorios,GW,8.23,8,15.001644,10.99528,7/20/2022
242,303459,PEDAL MTB GW ZP-101Z DOBLE FUNCION,Repuestos,Otras,31.77,0,45.002205,40.004784,7/20/2022
243,303460,PEDAL MTB ZP-109S DOBLEFUNCION ALUMINIO 9/16,Accesorios,GW,36.40277939,0,50.00285777,44.9974756,7/20/2022
244,303461,PEDAL MTB GW ZP-108,Repuestos,Otras,31.87,0,45.12792,40.003224,7/20/2022
245,303463,PEDAL MTB ZP-103S ALUMINIO GW,Accesorios,GW,39.77,1,55.00228378,48.00271622,7/20/2022
246,303464,PEDAL SHIMANO ED-EH500 SPD,Accesorios,Shimano,57.19,0,85.00601081,69.99956757,7/20/2022
247,303467,PEDAL PD-ME700 TRAIL SPD SHIMANO,Accesorios,Shimano,39.11,0,65.00082,55.004304,7/20/2022
248,304245,PACHA CASSETTE RUTA HR10 GW 28 10 VEL 11/28T,Repuestos,GW,15.24,0,25.00654054,19.99913514,7/20/2022
249,304461,PACHA MF-TZ500 -7 14-34T SHIMANO ,Repuestos,Shimano,11.58,0,15.00189,12.99855,7/20/2022
250,304465,PACHA MF-TZ500-7 14-28T SHIMANO,Repuestos,Shimano,9.851349838,1,14.00861947,12.00879545,7/20/2022
251,304516,PACHA MF-TZ500 6 VEL 14-34 SHIMANO,Repuestos,Shimano,8.81,0,13.00475676,10.50248649,7/20/2022
252,304518,PACHA MTB HR8 -40 8 VEL 11/40T GW CASSETTE,Repuestos,GW,16.51388789,0,25.00037487,20.00657518,7/20/2022
253,304518,PACHA MTB HR8 -40 8 VEL 11/40T GW CASSETTE,Repuestos,GW,16.93333237,0,25,20.5,7/20/2022
254,304519,PACHA 8V 11-42T GW HR8-42,Repuestos,Otras,17.44,0,28.00864,20.00368,7/20/2022
255,304521,PACHA CASSETTE MTB HR-9-40 - 9 VEL 11-40T,Repuestos,GW,17.28,0,25,21,7/20/2022
256,304526,PACHA MTB HR10 -42 10 VEL 11-42T GW,Repuestos,GW,20.34933368,0,30,25,7/20/2022
257,304538,PACHA CASSETTE CS-M7000 11 VEL /46T SLX,Repuestos,SLX,66.74,1,110.007542,85.000064,7/20/2022
258,304548,PACHA CASSETTE CS-M6100 - 12 DEORE 12 VEL,Repuestos,Shimano,88.33066677,0,135,135,7/20/2022
259,304549,PACHA CASSETTE CS-M5100-1 DEORE 11 VEL,Repuestos,Shimano,70.67999971,0,110,110,7/20/2022
260,304552,PACHA CASETTE CS-3M4100 10 DEORE 10 VEL 11-42,Repuestos,Shimano,46.41666575,0,65.00654038,55.00374891,7/20/2022
261,304557,PACHA 6S 14-28T JIEHAO A,Repuestos,Otras,7.41,3,11.00813514,8.501405405,7/20/2022
262,305146,RELACIONES DE 44X165 NEGRA PARA,Repuestos,Otras,6.789188351,1,10.00047444,8.201339528,7/20/2022
263,305205,BIELA IZQUIERDA ACERO PLASTIFICADA,Repuestos,Shimano,3.929730324,2,6.004627936,6.004627936,7/20/2022
264,305408,TRIPLE PLATO BIACERO PLAST C/PROT GRIS,Repuestos,Otras,8.454053027,1,13.00233356,10.204042,7/20/2022
265,305440,TRIPLE PLATO ACERO 24/34/42T BIELA ALUM,Repuestos,Otras,10.11,0,15.002229,12.00057,7/20/2022
266,305450,TRIPLE PLATO 28/38/48T,Repuestos,GW,10.92,0,25.00432432,20.00345946,7/20/2022
267,305457,TRIPLE PLATO FC-M311-L B/NEG 22X32X42T S,Repuestos,Shimano,22.86,0,35.003232,29.00934,7/20/2022
268,305468,TRIPLEP.SH.FC-TY301 24/34/42,Repuestos,Otras,14.36,0,25.00076,17.99308,7/20/2022
269,305484,TRIPLE PLATO ACERO RESINA NEGRO 28/38/48,Repuestos,Otras,8.75,1,15.00625,10.5,7/20/2022
270,305562,TRIPLE PLATO FC-M371-L 9V 44X32X22T,Repuestos,Shimano,32.40540697,1,50.00154296,43.00197505,7/20/2022
271,305648,TRIPLE PLATO SHIMANO FC-TY301 42*34*24,Repuestos,Shimano,13.56944444,0,25.00848611,20.00136111,7/20/2022
272,305649,TRIPLE PLATO SHIMANO FC 42-34-24T,Repuestos,Shimano,13.65,0,25.00432432,19.99527027,7/20/2022
273,305682,TRIPLE PLATO SHIMANO FC-TY301 48*38*28T 6/7/8,Repuestos,Shimano,14.41,8,25.00135,20.00108,7/20/2022
274,305705,CORONILLA SHIMANO FC-M40,Repuestos,Shimano,13.97,1,20.0092973,16.99812162,7/20/2022
275,305710,CORONILLA SHIMANO FC- M612 40T - AN,Repuestos,Shimano,17.39189157,0,25.00954007,21.00940501,7/20/2022
276,305715,Triplato Shimano M-2000 ALTUS,Repuestos,Shimano,25.58,0,40.00712,32.00058,7/20/2022
277,305767,DOBLE PLATO 2X9 FC-MT210-2 ALTUS 2X9 VEL,Repuestos,Shimano,34.66216216,0,50.00016892,44.00361486,7/20/2022
278,305769,CORONILLA SHIMANO FC-R7000 34T-MS 50/34T,Repuestos,Shimano,11.14864984,1,17.001691,14.50439344,7/20/2022
279,305814,BIPLATO M315-2 36-22T 2* SHIMANO,Repuestos,Shimano,18.15,1,30.00195,21.9978,7/20/2022
280,305815,Biplato Shimano FC-MT 101-2  36-22T 9 vel,Repuestos,Shimano,17.76,0,30.00552,21.99576,7/20/2022
281,305818,Triplato Shimano FC-MT101 42 -30-22T,Repuestos,Shimano,18.27,0,30.008475,21.995253,7/20/2022
282,305852,TORNILLO CORONILLA FC-M552-2/M4100-,Repuestos,Shimano,0.5,7,1,0.8,7/20/2022
283,307228,TENSOR SHIMANO RD-A070 S,Repuestos,Shimano,16.62,4,25.00479,20.00217,7/20/2022
284,307234,TENSOR RD-2000 SG 8V CLARIS,Repuestos,Shimano,23.08108157,2,35.0024602,30.00540604,7/20/2022
285,307249,TENSOR RD-4700-GS 10 VEL SHIMANO TIAGRA,Repuestos,Shimano,33.18,1,60.00603,50.00226,7/20/2022
286,307305,TENSOR RD-M370 SGS ALTUS,Repuestos,Shimano,20.78378335,1,35.00820468,30.00139127,7/20/2022
287,307308,TENSOR SHIMANO RD-TX800 7/8V TOURNEY,Repuestos,Shimano,13.68,0,18.00972,16.49808,7/20/2022
288,307405,TENSOR MTB RD-M310 8 VEL SHIMANO,Repuestos,Shimano,22.38333319,0,35.00305645,28.00154983,7/20/2022
289,307474,TENSOR SHIMANO RD-TY500 TOURNEY,Repuestos,Shimano,11.22,0,16.001964,14.00256,7/20/2022
290,307530,RODAJA RD-5700 SHIMANO ,Repuestos,Shimano,8.54,0,13.00724324,10.49632432,7/20/2022
291,307550,JUEGO COVERTORES PARA ST-9000 SHIMANO,Accesorios,Shimano,13.44594484,2,20.00756592,16.50489729,7/20/2022
292,307554,JUEGO COVERTORES PARA ST-4600 SHIMANO,Accesorios,Shimano,6.594593216,0,10.00399791,8.500430656,7/20/2022
293,307561,FUNDAS SP41 CAMBIO 4MM*50M NEGRA,Repuestos,Shimano,2.58,0,4.00029,3.4959,7/20/2022
294,307563,GUIA Y RODAJA SHIMANO RD-6800/6870,Repuestos,Shimano,11.8,0,15.0096,13.4992,7/20/2022
295,307570,GUIA Y RODAJA SHIMANO RD-M8000,Repuestos,Shimano,12.54,0,18.00744,14.49624,7/20/2022
296,307570,GUIA Y RODAJA SHIMANO RD-M8000,Repuestos,Shimano,12.04054197,2,18.00061025,15.0025153,7/20/2022
297,307572,Tensor RD-TY300 Tourney 6/7 vel,Repuestos,Shimano,10.9,0,16.0012,12.99825,7/20/2022
298,307572,TENSOR RD-TY300 TOURNEY 6/7 VEL. SHIMANO,Repuestos,Shimano,10.89333347,0,17,13,7/20/2022
299,307572,TENSOR RD-TY300 TOURNEY 6/7 VEL. SHIMANO,Repuestos,Shimano,10.89333347,0,17,17,7/20/2022
300,307574,TENSOR RD-M7000-GS SLX SHIMANO,Repuestos,Shimano,65.97,0,90.00032973,79.99882703,7/20/2022
301,307577,JUEGO COBERTORES PARA ST-3500 SHIMANO,Repuestos,Shimano,6.594593216,0,10.00399791,8.500430656,7/20/2022
302,307580,TENSOR SHIMANO RD-M2000 SGS ALTUS 9 VEL,Repuestos,Shimano,27.28,0,40.00612,33.003344,7/20/2022
303,307582,TENSOR MTB 10V DEORE SHADOW RD-M6000,Repuestos,Shimano,62.42,4,80.009956,78.000032,7/20/2022
304,307583,GUIA Y RODAJA SHIMANO RD-8800,Repuestos,Shimano,11.8,0,15.0096,13.0036,7/20/2022
305,307585,GUIA Y RODAJA SHIMANO RD -U5000 SLX,Repuestos,Shimano,9.79,0,18.00381,13.00112,7/20/2022
306,307586,JUEGO COBERTORES PARA ST-R9150 SHIMANO,Repuestos,Shimano,15.12162243,1,22.00196064,20.00590648,7/20/2022
307,307587,EXTENSION TRASERA PARA PACHA,Repuestos,Otras,4.54,6,7.00068,5.50248,7/20/2022
308,307598,JUEGO COBERTORES PARA MANILARES ST R-9100 SHIMANO,Repuestos,Shimano,12.27,0,22.00059459,15.00040541,7/20/2022
309,307601,TENSOR RD-M5120 SGS DEORE 10/11 VEL,Repuestos,Shimano,44.04054054,0,62.00908108,53.00279054,7/20/2022
310,308225,Descarrilador SHIMANO FD-A070  31 TOURNEY 2X7V,Repuestos,Shimano,13.57,0,17.00321,15.001635,7/20/2022
311,308443,DESCARRILADOR FD-TX510-6 34.9/31.8 SHIMANO,Repuestos,Shimano,9.22,0,16.00592,12.00444,7/20/2022
312,308526,DESCARRILADOR FD-M618-D DEORE 2*10VEL,Repuestos,Shimano,23.36,1,40.004,32.0032,7/20/2022
313,308598,DESCARRILADOR FD-M-3100-M (SORA),Repuestos,Shimano,18.98,0,30.0044127,23.99593651,7/20/2022
314,309248,MANILARES/ PALANCAS ST R 20 2x8 VEL SHIMANO CLARIS,Repuestos,Shimano,108.62,0,150.0064595,140.0024081,7/20/2022
315,309489,MANILARES/PALANCAS ST EF  500 3x7 VELOCIDADES,Repuestos,Shimano,19.82,0,30.00748,30.00748,7/20/2022
316,309492,MANILARES PALANCAS 3x8 VEL ST-EF,Repuestos,Shimano,27.54,0,42.006762,35.00334,7/20/2022
317,309494,MANILARES/PALANCAS ST-M310-8 SHIMANO,Repuestos,Shimano,28.45,0,43.00013243,35.0032173,7/20/2022
318,309503,PALANCAS SL-M315 7V SHIMANO,Repuestos,Shimano,22.51,0,35.00527143,27.00245857,7/20/2022
319,309536,MANILARES/PALANCAS ST EF41-7 NEGRO,Repuestos,Shimano,21.77,2,28.009282,24.495604,7/20/2022
320,309537,PALANCAS EN ALUMINIO MILLENIUM K02,Repuestos,Otras,3.9,0,6.006,4.797,7/20/2022
321,309559,PALANCA DERECHA SL-M7000 SHIMANO SLX,Repuestos,Shimano,41.46,1,65.00843243,50.00010811,7/20/2022
322,309560,PALANCAS S-M200 ALTUS 3X9 VEL SHIMANO SHIFTER,Repuestos,Shimano,30.15,0,43.00596,38.004075,7/20/2022
323,309562,PALANCAS SL-M6000 DEORE 2/3*10 VEL,Repuestos,Shimano,58.31081024,1,82.00249245,75,7/20/2022
324,309573,PALANCA DERECHA SLM7100-R SLX 12S,Repuestos,SLX,39.63466725,0,60,60,7/20/2022
325,309586,PALANCA DERECHA SL-M5100 -R DEORE 11 VEL,Repuestos,Otras,29.60000019,0,40,40,7/20/2022
326,309607,PALANCAS CAMBIO MTB 9VEL SL-00-6900,Repuestos,Shimano,12.55405532,1,20.00488716,16.50858275,7/20/2022
327,310248,CADENILLA X11SL 1/2X11/128 116L SILVER KMC 11,Repuestos,Shimano,56.92000115,3,80,80,7/20/2022
328,350019,Ultra Instant bike Tire,Repuestos,Otras,8.4472,3,12.0034712,12.0034712,7/20/2022
329,402204,PUNTILLA TRASERA ACERO 5x170 mm TAIWAN,Repuestos,Otras,3.51,7,6.0021,4.49982,7/20/2022
330,402207,EJE TRASERO CARRERAS M10,Repuestos,Otras,3.88,2,8.00056,5.00132,7/20/2022
331,402208,EJE DELANTERO CARRERAS T,Repuestos,Otras,2.33,4,5.000285714,3.000171429,7/20/2022
332,402225,EJE TRASERO 3/8 X 7 1/2 CON ESPACIADOR,Repuestos,Otras,3.116217378,12,8.008678662,5.001528892,7/20/2022
333,402226,PUNTILLA TRASERA ALUMINIO 5X170MM MILLENIUM,Repuestos,Otras,3.5,1,5,4.2,7/20/2022
334,402227,PUNTILLA DELANTERA ALUMINIO MILLENIUM,Repuestos,Otras,3.5,3,5,4.2,7/20/2022
335,402230,EJE TRASERO CARRERAS M10,Repuestos,Otras,3.6,0,8.0064,4.9968,7/20/2022
336,402245,PUNTILLA 133MM WH-R500-F ,Repuestos,Shimano,9.92,0,15.00236486,12.00189189,7/20/2022
337,402252,PUNTILLA SHIMANO WH-S500 -3D 133MM,Repuestos,Shimano,12.18918846,2,20.00245826,16.00440445,7/20/2022
338,403335,JGO MANZANA MTB ALUM GWA,Repuestos,GW,6.26,2,14.00262162,9.003472973,7/20/2022
339,403367,JGO MAZANAS GW JK-272 ALUM SPROCKET 9T,Repuestos,GW,27.73,0,35.009125,30.996594,7/20/2022
340,403390,JUEGO DE MANZANAS EN ALUMINIO GW BICICROSS,Repuestos,GW,58.22,1,90.00227027,69.99917838,7/20/2022
341,403440,MANZANA TRASERA ACERO C/ PLATEADA,Repuestos,Otras,3.44,3,8.003864865,5.004991892,7/20/2022
342,403484,MANZANA HB/FH-RM35 CENTER LOCK SHIMANO,Repuestos,Shimano,31.19,4,41.85698,37.509094,7/20/2022
343,403485,MANZANA TRASERA FH-RM35  CENTER LOCK,Repuestos,Shimano,18.24,2,25.00704,21.00336,7/20/2022
344,403490,MANZANAS HB/FH-M3050 36 H BLACK CENTER LOCK,Repuestos,Shimano,34.22,0,55.00865,42.99743,7/20/2022
345,403491,MANZANA TRASERA FH-RM66-3050   8/9V NEGRA,Repuestos,Shimano,21.65,6,35.001555,29.996075,7/20/2022
346,403499,MANZANAS HB/FH-M6000 DEORE,Repuestos,Shimano,52.77026995,0,80.01028329,70.00504011,7/20/2022
347,403541,MANZANA TRASERA FH-M410,Repuestos,Shimano,24.62,0,37.00386,29.99947,7/20/2022
348,403543,MANZANA TRASERA FH-MT410-B BOOST 32/36H,Repuestos,Shimano,29,1,45.0022,38.0045,7/20/2022
349,403550,MANZANA TRASERA FH-MT 401 32/36H QR,Repuestos,Shimano,35.03,2,55.000603,44.996035,7/20/2022
350,405103,TAMBOR PARA GUSANILLO ESTRIADO,Repuestos,Otras,1.029730703,0,1.500317634,1.500317634,7/20/2022
351,406508,PROTECTOR EN NYLON TAIWAN ROJO,Accesorios,Otras,1.3,0,2.0007,1.5041,7/20/2022
352,407211,LLANTAS 20X2.125 NEGRAS BRAND FLIP NEGRA,Repuestos,Otras,6.22,4,10.00176,7.5,7/20/2022
353,407263,LLANTA 29*2.25 BARZO RIGIDA,Repuestos,VITTORIA,15.66666781,0,26,26,7/20/2022
354,407440,LLANTA 26X1.95 H-5129 CHAOYANG,Repuestos,Otras,6.68,4,10.00664,8.00264,7/20/2022
355,407442,LLANTA 29X2.0 H-5129 27 TPI CHAOYANG,Repuestos,Chaoyang,7.09,4,12.001952,9.0043,7/20/2022
356,407442-1,"LLANTA 27,5X2.20 H-5129 27 TPI CHAOYANG",Repuestos,Chaoyang,7.09,11,12,9,7/20/2022
357,407959,LLANTA 26X1.95 H-5103 NE CHAOYANG,Repuestos,Chaoyang,6.46,0,12.00167568,9.004486486,7/20/2022
358,408220,NEUMATICO 26X1.75/1.95/2.125 D/V KYOWA,Repuestos,Otras,3.605406486,2,5.000698797,4.499547295,7/20/2022
359,408565,NEUMATICOS 700X18/23C FV CHAOYANG,Repuestos,Chaoyang,3.91,0,6.008466216,4.69625,7/20/2022
360,408584,NEUMATICO 26X1.95/2.125 V/D 40MM MOLDED,Repuestos,Otras,4.116215595,0,5.001201947,5.001201947,7/20/2022
361,408589,"Tripas 29*2,10/2,25 FV48MM CHAOYANG",Repuestos,Otras,5.5,0,6.009331349,5.503513889,7/20/2022
362,408609,TRIPA 27.5X1.75/2.10 F/V 48 MM NO MOLDE,Repuestos,Chaoyang,3.72,0,6.0078,5.49816,7/20/2022
363,408632,"Tripas 27,5*1,75/2,1 CHAOYANG",Repuestos,Chaoyang,4.9,0,7.007,6.0025,7/20/2022
364,408633,"Tripas 26*1,95/2,125 CHAOYANG",Repuestos,Chaoyang,4.9,0,5.0029,5.0029,7/20/2022
365,408645,NEUMATICO 29X1.75/2.10 A CHAOYANG,Repuestos,Chaoyang,4.21,0,6.004256757,4.997227027,7/20/2022
366,408652,NEUMATICO 700*18/23C FV-80MM CHAOYANG,Repuestos,Chaoyang,4.377028216,0,6.000905684,5.501924468,7/20/2022
367,408655,NEUMATICOS 700X28/32C FV-48MM CHAOYANG,Repuestos,Chaoyang,4.000000838,0,6.000001257,5.496001151,7/20/2022
368,409247,RIN 700C ALUMINO HLQC-G R26,Repuestos,GW,11.69,2,20.0060473,14.00364865,7/20/2022
369,409249,RIN 700 ALUM HLQX-18 NEG R25,Repuestos,GW,14.76,4,25.00532432,19.99540541,7/20/2022
370,409378,RIN ALUMINIO 29 GW M21 D,Repuestos,GW,10.59,0,20.00895135,15.00194595,7/20/2022
371,409517,"RIN 26 * 1,75 GW M30 NEGRO    S/DP2000",Repuestos,GW,9.81,2,15.0093,12.002535,7/20/2022
372,409555,"RIN 26*1,75",Repuestos,Otras,6.75,15,10.0035,7.995375,7/20/2022
373,409589,RIN 27.5 GW M30 DARK,Repuestos,GW,9.43,3,15.00313,12,7/20/2022
374,409590,RINES 29P GW M30 NEGRO S/DP2000,Repuestos,GW,11.79,16,20.00763,15.99903,7/20/2022
375,410326,RADIO 26(263) 14g NEGRO /MLS,Repuestos,GW,1.735,4,7,4,7/20/2022
376,410374,RADIOS 254MM*14G,Repuestos,GW,1.43,0,7,4,7/20/2022
377,410389,RADIOS 273MM*14G NEGRO,Repuestos,GW,1.94,0,7,4,7/20/2022
378,410390,RADIOS 275 MM*14G NEGRO 16MM GW,Repuestos,GW,2.2325,10,7.005585,3.996175,7/20/2022
379,410392,RADIOS 292 MMX 14G NEGRO + TORNILLOS,Repuestos,GW,2.06,0,7.00755,3.996975,7/20/2022
380,410393,RADIOS 294MM*14G NEGRO 16MM GW,Repuestos,GW,2.3375,16,7.0008125,4,7/20/2022
381,450709,CACHOS GIANT PLASTICOS,Accesorios,GIANT,19.35,0,30.00427027,22.99908108,7/20/2022
382,481030,Termo de Agua 50 Strong,Accesorios,Otras,10.5872,0,18.0035336,15.0020624,7/20/2022
383,493375,Bolso de Hidratacion N Spire,Accesorios,Otras,48.4879,1,65.00287874,60.00377625,7/20/2022
384,501407,JGO FRENO V-BRAKE ALUM NAT 941AE/325AE L,Repuestos,Otras,9.756755676,0,15.00589023,12.00080948,7/20/2022
385,501457,FRENO DISCO ALUMINIO PUNTILLA,Repuestos,GW,22.54,0,36.00851351,27.99535135,7/20/2022
386,501458,JGO FRENO V BRAKE RESINA V19+B14 MILLEN,Repuestos,Otras,7.391891189,0,13.00972849,9.003323468,7/20/2022
387,501469,FRENO DISCO  140/160 MANZANAS TUERCA,Repuestos,Otras,13.78,0,25.00378378,20.00027027,7/20/2022
388,501480,JUEGO FRENO DISCO HIDRAULICO HDM-M220 LOGAN,Repuestos,LOGAN,48.19,1,70.000794,60,7/20/2022
389,501487,FRENO DE DISCO HIDRAULICO SHIMANO MT-200,Repuestos,Shimano,40.41,2,80,65,7/20/2022
390,501496,FRENO DE DISCO HIDRAULICO SHIMANO BL/BR MT501,Repuestos,Shimano,111.05,2,180.000945,150,7/20/2022
391,501501,JUEGO FRENO DISCO HIDRAULICO HD-M220 GW,Repuestos,GW,45.57,3,90.00075,74.999106,7/20/2022
392,502102,TOPES GUAYA 502102/TER0305/70,Repuestos,Otras,0.07,0,0.10066,0.10066,7/20/2022
393,502141,FUNDA P/CABLE FRENO 40MT,Repuestos,Otras,2.17,0,3.002081081,3.002081081,7/20/2022
394,502142,FUNDA PARA CABLE 2P ROLLO 50 METROS,Repuestos,Otras,1.201351216,0,1.50168902,1.50168902,7/20/2022
395,502147,TOPES FUNDA CAMBIO SHIMANO PLASTICO 502147,Repuestos,Otras,0.07,0,0.10066,0.10066,7/20/2022
396,502211,Taco freno MTB 947 70mm GW,Repuestos,GW,3.51,1,5.000952381,4.003571429,7/20/2022
397,502213,TACO FRENO MTB 947V 70MM NEGRO GW/BARADI,Repuestos,GW,3.98378527,0,6.003564402,5.501607458,7/20/2022
398,502225,Pastilla Organica FRENO ( REEMPLAZO) DE DISCO BP-10 ALTUS-ACERA,Repuestos,GW,5.59,0,8.500713,6.50117,7/20/2022
399,502237,PASTILLAS REEMPLAZO DE FRENO DE RUTA R-470 GW (CAUCHO),Repuestos,GW,4.194595378,4,7.009168877,6.006660582,7/20/2022
400,502313,MANILAR V-BRAKE 325AE AL,Repuestos,Otras,6.4,11,8,8,7/20/2022
401,502467,PASTA FRENO DISCO BR-T615 ABR485 SHIMANO B101S,Repuestos,Shimano,7.73,0,10.00262,8.99772,7/20/2022
402,502467,PASTAS FRENO DISCO B03S RESINA SHIMAN MTB,Repuestos,Shimano,6.26,0,10,9.5,7/20/2022
403,502471,PASTAS FRENO DISCO BR-M975 SHIMANO,Repuestos,Shimano,12.662162,0,20.00621596,16.49879709,7/20/2022
404,502487,ADAPTADOR F/DISCO F180 AP-09 GW,Repuestos,GW,5.519167167,1,10.00625007,8.5,7/20/2022
405,502494,ROTOR F/DISCO 180MM DB-0,Repuestos,Otras,11.69,4,18.0026,14.99827,7/20/2022
406,502498,ROTOR F/DISCO SM-RT 30 160,Repuestos,Shimano,6.54,0,15.0093,9.99639,7/20/2022
407,502524,ADAPTADOR F/DISCO DEL GW 180MM ,Repuestos,GW,4.03,0,5.00123,4.49748,7/20/2022
408,502614,PASTAS BR-M985 RESINA ICE TECH,Repuestos,Shimano,16.91891803,1,24.00794468,24,7/20/2022
409,502616,Pastillas de Resina BR-M985 SHIMANO,Repuestos,Shimano,9.95,10,15.0245,11.9997,7/20/2022
410,502636,ROTOR F/DISCO SM-RT66 160MM 6 BOLT SHIMA,Repuestos,Shimano,19.2027017,0,28.00714043,24.00337713,7/20/2022
411,502644,ROTOR DISC BRAKE SM-RT56 DISCO 180MM,Repuestos,Shimano,14.45,0,21.003075,18.0047,7/20/2022
412,502645,ROTOR DISC BRAKE  CENTER LOCK SM-RT30 DISCO 180MM,Repuestos,Shimano,10.92,2,17.00075676,13.99805405,7/20/2022
413,502674,PASTAS FRENO DISCO YK-2+ZDC,Repuestos,Otras,3,6,4.007998411,3.500998612,7/20/2022
414,502675,GOMAS DISCO P/FRENO GW ,Repuestos,Shimano,4.635135135,3,7.003689189,5.501905405,7/20/2022
415,502719,KIT DE PINES FRENO DISCO GW HBP-07 2.3M,Repuestos,GW,1.416665278,0,2.004581368,1.500248529,7/20/2022
416,502721,KIT DE OLIVAS FRENO DISCO GW HBP-09 5MM,Repuestos,GW,1.333332222,0,2.006664994,1.500665416,7/20/2022
417,502741,ROTOR DISC BRAKE CENTER LOCK SM-RT10 160MM DISCO,Repuestos,Shimano,8.03,20,12.00485,9.5,7/20/2022
418,502757,ROTOR DISC BRAKE TORNILLO PARA JAK-8 F/R 160MM ,Repuestos,Otras,3.98,0,7.001945946,4.996843243,7/20/2022
419,502758,PASTILLA FRENO DE DISCO JAK - 8,Repuestos,Otras,3.121620027,7,5.000835283,4.005038495,7/20/2022
420,502787,GOMAS DISCO TITAN/ATLAS 502787,Repuestos,Otras,4.635135135,27,7.003689189,5.495416216,7/20/2022
421,502788,GOMAS DISCO ZEBRA/ESCORPION 502788,Repuestos,Otras,4.635135135,5,7.003689189,5.495416216,7/20/2022
422,503423,MORDAZAS BR-M375-L SHIMANO,Repuestos,Shimano,33.62,0,55.00497297,39.99628108,7/20/2022
423,503434,MORDAZA JACK-8 PAR 503434,Repuestos,Shimano,12.77027027,0,20.00462838,14.99612838,7/20/2022
424,503447,MORDAZA BR-MT410 SHIMANO ,Repuestos,Shimano,33.62,2,50,45.00037,7/20/2022
425,600539,MARCO 700 ALUMINIO GW VENTOUX CON,Repuestos,GW,185.55,0,280.0042275,219.9788025,7/20/2022
426,600545,MARCO GW PIRANHA 27.5 SM01-874/875/7/876,Repuestos,GW,97.44594686,0,130.0026377,130.0026377,7/20/2022
427,600560,MARCO KIT 29 GW ALUMINIO HAWK,Repuestos,GW,106,0,190.005,159.9964,7/20/2022
428,600560,MARCO KIT 29 GW ALUMINIO HAWK,Repuestos,GW,98.33333365,0,190,190,7/20/2022
429,600567,KIT MARCO 27.5 GW ALUMINIO JACKAL,Repuestos,GW,101.6486474,0,170.0073627,160.0000534,7/20/2022
430,600581,MARCO FOUR - X GW RAVEN,Repuestos,GW,132.0666667,0,190,190,7/20/2022
431,600586,KIT MARCO 29 P GW ALUMINIO LYNX,Repuestos,GW,90.06666704,0,160,160,7/20/2022
432,600650,MARCO KIT GW JACKAL 29 ALUMINIO,Repuestos,GW,92,0,160.0064,139.9964,7/20/2022
433,600650,KIT MARCO 29 GW ALUMINIO JACKAL,Repuestos,GW,90.06666704,0,160,160,7/20/2022
434,601113,ESPACIADOR O LLENO CARBONO,Repuestos,Otras,2.7,0,4,3.502702703,7/20/2022
435,601120,ESPACIADOR  O LLENO ALUMI,Repuestos,Otras,2.14,0,3.003662162,2.50127027,7/20/2022
436,601158,BASE REDUCTORA SUSPENSION CONOCA DE 1.5 A Oversize,Repuestos,Otras,3.19,5,6.005243243,4.002432432,7/20/2022
437,601218,CANA P/GALAPAGO SP-233 A,Repuestos,GW,5.54,0,15.00232,11.00244,7/20/2022
438,601244,ESPIGA PRO RUTA LT OS 31.8 +/-6 GRAD. NEGRA,Repuestos,Otras,25.09459432,1,35.00695908,30.00058751,7/20/2022
439,601287,ESPIGA PRO ALUMINIO LT 31.8,Repuestos,Otras,26.36000147,1,40,40,7/20/2022
440,601360,CANA P/GALAPAGO ALUMINIO PIVOTAL GW SP-AL 181 25.4,Repuestos,GW,7.75,2,15.004,10.99725,7/20/2022
441,601374,ESPIGA AL RUTA RD-2216 31.8-17 70MM,Repuestos,Otras,10.13,3,20.00675,15.99527,7/20/2022
442,601375,"CANA P/GALAPAGO ALUMINIO MTB AD409 31,6*350MM",Repuestos,GW,6.05,0,20.0013,10.995875,7/20/2022
443,601403,"CANA P/GALAPAGO 27,2*350MM ALUMINIO NEGRA",Repuestos,GW,6.54,2,15.0093,11.00028,7/20/2022
444,601442,CA헤 P/GALAPAG0 ALUM NEG,Repuestos,GW,7.6,0,15.00773514,11.00111081,7/20/2022
445,601443,ESPIGA MTB ALMINIO NATURAL A62B 22.2 GW,Repuestos,GW,7.58,1,12.00672,9.00504,7/20/2022
446,601473,"ESPIGA AHEAD DOWNHILL ALU 31,8 408 NEGRA 50MM",Repuestos,GW,12.36,1,20.00466,15.996312,7/20/2022
447,601484,CANA SP-209 (6061) 31.6 350 MM NEGRA GW INSTINC,Repuestos,GW,9.76,3,15,11,7/20/2022
448,601486,CANA SP-209 (6061) 31.6 350 MM NEGRA GW,Repuestos,GW,9.76,4,15.00112,11,7/20/2022
449,601529,CA헤 CARBON WCS LINK FLEXI 31.6/15MM,Repuestos,Otras,128.2000015,0,170,170,7/20/2022
450,601717,ESPIGA MTN TRAIL 31 8 ALUMINIO RITCHEY,Repuestos,Otras,20.23,0,30.00109,25.00428,7/20/2022
451,601723,"ESPIGA ALUMINIO MTB HS06 28,6*31,8*80MM",Repuestos,GW,5.1,0,10.0062,5.9976,7/20/2022
452,602000,GUANTE ANTIDESLIZANTE ADRIANNI,Accesorios,Adrianny,8.6,0,12.0056,10.0018,7/20/2022
453,602440,UNAS MARCO GW-F143 LINCE,Repuestos,Otras,4.93,10,8.00632,6.50267,7/20/2022
454,602444,UNAS TRASERAS P/MARCOS SR02-281 LUMEN,Repuestos,Otras,4.93,20,8.00632,6.50267,7/20/2022
455,602445,U헤S P/MARCOS LUMEN SR02-282,Repuestos,GW,4.432433973,4,8.000543321,6.502380638,7/20/2022
456,602455,"UNAS P/MARCO KIT 26P ELITE /TERRAIN 27,5 SCORPION",Repuestos,Otras,4.93,16,8.00632,6.50267,7/20/2022
457,602460,UNA P/MARCO SCORPIO 26/29 EN ALUMINIO,Repuestos,Otras,4.93,11,8.00632,6.50267,7/20/2022
458,602462,U헤S P/MARCOS ALUMINIO GW RAVEN,Repuestos,GW,14.51351254,2,22.00974177,17.50039342,7/20/2022
459,602464,UNA P/MARCO VELETA GW ALUMINIO,Repuestos,Otras,4.43,11,8.000540541,7.003243243,7/20/2022
460,602467,U헤S P/MARCOS ALLIGATOR 27.5/29 2018,Repuestos,GW,4.432433973,4,8.000543321,7.003245677,7/20/2022
461,602475,UNAS P/MARCOS ALUMINIO GW LYNX 2021 26/27/29,Repuestos,Otras,4.16,7,8.003837838,6.996594595,7/20/2022
462,602630,Creatine X3 Six Star,Nutricion,Otras,12.6679,0,20.0026141,20.0026141,7/20/2022
463,602761,U헤S P/MARCO TA12 - SW CARBON,Repuestos,Otras,26.28378384,0,35.00474332,30.00293925,7/20/2022
464,602838,U헤 TRESERA P/MARCO SPEEDSTER,Repuestos,Otras,6.675676054,2,10.00016273,8.501473455,7/20/2022
465,602840,U헤 TRASERA P/MARCO SCALE/ASPECT,Repuestos,Otras,7.486487378,3,11.00513645,9.006244316,7/20/2022
466,603412,ABRAZADERA PRO 34.9MM QUICK RELEASE,Repuestos,Otras,8.325332507,1,13,13,7/20/2022
467,603423,ABRAZADERAS AT-165 31.8/35.0 GW NEGRAS,Repuestos,Otras,4.95,0,7.00425,6.00435,7/20/2022
468,604103,MANUBRIO AUMIN RUTA CMP LOGIC II NEGRO,Repuestos,Otras,22.73,0,35.0042,28.00336,7/20/2022
469,604123,MANUBRIO RUTA OEM O/S AL RITCHEY,Repuestos,RITCHEY,20.78,0,30.00139189,25.00289189,7/20/2022
470,604190,MANUBRIO KORYAK RISE/2022 800MM/31.8/20 RISE,Repuestos,Otras,117.5999988,0,170,170,7/20/2022
471,604259,MANUBRIO DR-AL-102BT,Repuestos,GW,12.81,0,25.00341587,19.99504722,7/20/2022
472,604351,MANUBRIOS BMX MX-529 ACERO NEGRO GW,Accesorios,GW,8.68919,1,15.00623113,11.00051454,7/20/2022
473,604370,MANUBRIOS BMX MINI M MTB-AL-393 COL GW,Accesorios,GW,5.878377838,0,12.00364754,8.000472237,7/20/2022
474,604371,MANUBRIOS BMX JUNIOR S MTB-AL-395 COL GW,Accesorios,GW,7.094593216,1,12,8.5,7/20/2022
475,604373,MANUBRIOS BMX EXPERT S MX-AL-838 COL GW,Accesorios,GW,11.6351347,1,20,15,7/20/2022
476,604374,MANUBRIOS BMX EXPERT M MX-AL-839 COL GW,Accesorios,GW,11.68918965,1,20.00020349,16,7/20/2022
477,604436,MANUBRIO DOWNHILL ALUMINIO NAT C/BARR GW,Repuestos,GW,6.86,1,10.00188,8.00562,7/20/2022
478,604463,CACHOS ALUMINIO NEGROS INSTINCT ZOOM,Accesorios,Otras,12.78,1,20.00662259,16.00529808,7/20/2022
479,604472,MANUBRIO ALUMINIO GW FC-HB002 MATE,Repuestos,GW,5.64,9,10,8.5,7/20/2022
480,605092,GALAPAGO PRO TURNIX WOMEN S NEGRO,Accesorios,PRO,65.62,0,90.004392,78.744,7/20/2022
481,605246,GALAPAGOS MTB GW 192-01 NEW CENTURY,Accesorios,GW,5.27,1,10,7,7/20/2022
482,605251,GALAPAGO GW COMFORT MTB,Accesorios,GW,6.15,0,15.0027027,10.00446622,7/20/2022
483,605274,Sillin GW MTB/Ruta,Accesorios,GW,7.59,0,17.00919,9.00174,7/20/2022
484,605275,GALAPAGO MTB/RUTA GW DDO,Accesorios,GW,13.76,4,20.00337838,15,7/20/2022
485,605277,GALAPAGO MTB/CONFORT GW,Accesorios,GW,14.04,0,20.00777027,16.49763514,7/20/2022
486,605278,GALAPAGO MTB GW D373S,Accesorios,GW,13.73,0,20.00461,16.50346,7/20/2022
487,605279,GALAPAGO MTB GW D305,Accesorios,GW,13.73,3,20.00461,16.50346,7/20/2022
488,605280,GALAPAGO MTB/RUTA GW D23,Accesorios,GW,10.5,5,20.00578378,15.00194595,7/20/2022
489,605281,GALAPAGO MTB/RUTA GW D37,Accesorios,GW,13.45,3,20.00015,16.004155,7/20/2022
490,605283,GALAPAGO MTB GW D241,Accesorios,GW,10.27,0,20.00648649,15.00486486,7/20/2022
491,605284,GALAPAGO MTB/RUTA GW D37,Accesorios,GW,13.45,2,20.00015,14.99675,7/20/2022
492,605351,GALAPAGO GW COMFORT PLUS,Accesorios,GW,7.54,0,15.00567568,9.998756757,7/20/2022
493,605431,GALAPAGO MTB JUNIOR  GW VL-264-2,Accesorios,GW,7.96,1,12,10,7/20/2022
494,605471,Silin GW PRO,Accesorios,GW,6.62,0,17.00016,9.9962,7/20/2022
495,605493,GALAPAGO GW-VL1488 MTB,Accesorios,GW,9,1,15,13,7/20/2022
496,605501,FORRO GALAPAGO GEL 051 A GW GELTECH,Accesorios,GW,9.17,10,13.00306,11.004,7/20/2022
497,605571,SUSPENSION SUNTOUR 29 SF18-EPIXON-9 RL-R,Repuestos,SUNTOUR,194.69,0,300.020372,270,7/20/2022
498,605661,BICICLETA MTB 29 JACKAL 9.2 D/B 8 VEL,Bicicletas,GW,335,1,425.0011,385.0155,7/20/2022
499,605714,GALAPAGO PRO TURNIX GEL 14/152MM,Accesorios,GW,75.53333379,1,115,115,7/20/2022
500,606441,TENEDOR SUSPENSION 26 GW701 GW,Repuestos,GW,10,0,20,20,7/20/2022
501,606492,TENEDOR 26 GW 22.2 D/ROSCA P/FRENO DISCO,Repuestos,GW,20.952778,1,35.00161565,30.0043781,7/20/2022
502,606555,PALANCA REMOTO SL9SC-RLO,Repuestos,Otras,15.41,0,25.00541136,17.99637714,7/20/2022
503,606638,SUSPENSION 26 SF13-M3030 SUNTOUR,Repuestos,GW,31.27,2,60.00086041,44.99986351,7/20/2022
504,606649,SUSPENSION SUNTOUR 29P SF15-XCM-LO,Repuestos,Otras,68.73,0,150.0026366,120.0021093,7/20/2022
505,606653,SUSPENSION 27.5 SUNTOUR SF14-XCM-RL-DS,Repuestos,Otras,68.41,0,100.0087006,68.40540395,7/20/2022
506,606664,SUSPENSION 29 SUNTOUR XCM30,Repuestos,SUNTOUR,79.03,1,150.0091027,109.9977189,7/20/2022
507,606671,SUSPENSION SUNT흇R 29 SF CONICA,Repuestos,SUNTOUR,230,1,320,290,7/20/2022
508,606672,SUSPENSION SUNTOUR 29 SF18-EPIXON-9 RL-R,Repuestos,SUNTOUR,236.33,0,320,290,7/20/2022
509,606673,"SUSPENSION SUNTOUR 27,5 SF16-RAIDON-XC A",Repuestos,SUNTOUR,179.04,1,280.000656,240,7/20/2022
510,606687,TENEDOR SUSPENSION 29 GW CH-525 (AMS) RL/O,Repuestos,Otras,45.16,1,130.002092,80.00094,7/20/2022
511,606688,TENEDOR SUSPENSION 27.5 GW  2.2 CH-860S (AMS),Repuestos,GW,64.04,0,100.004864,79.998768,7/20/2022
512,606689,TENEDOR SUSPENSION 29 GW,Repuestos,GW,66.4,0,130.0056057,100.0007369,7/20/2022
513,606693,TENEDOR SUSPENSION 29 SUNTOUR SF,Repuestos,SUNTOUR,103.14,0,200.009088,149.996502,7/20/2022
514,606697,PALANCA REMOTO RL/O 525,Repuestos,Otras,11.46,1,20.00821622,15.00043243,7/20/2022
515,606703,SUSPENSION ACERO 29 FSD-QC-58-LO M/LO,Repuestos,Otras,25.7,1,130.0042779,80.06392363,7/20/2022
516,609394,Muscle Tech Caffeine,Nutricion,Otras,10.5979,0,20.0088352,20.0088352,7/20/2022
517,701101,JUEGO DE PALANCAS ACERO P/LLANTAS,Repuestos,Otras,2.93,3,5.00737,3.50428,7/20/2022
518,702152,Kit reparacion parches,Accesorios,Otras,5.99,0,9.00297,6.99632,7/20/2022
519,702228,Llave Cono Prof 14mm,herramientas,Otras,9.54,0,15.00592063,15.00592063,7/20/2022
520,702230,Llave Cono Prof 16mm,herramientas,Otras,9.54,0,15.00592063,15.00592063,7/20/2022
521,702231,Llaves Cono Prof 17mm,herramientas,Otras,9.54,0,15.00592063,15.00592063,7/20/2022
522,702246,KIT DE LIMPIEZA TB-32950,Accesorios,SUPER B,29.77,0,45.00412629,34.99593257,7/20/2022
523,702248,KIT DE LIMPIEZA TB-3290,Accesorios,SUPER B,24.38,0,40.00007714,30.00310571,7/20/2022
524,702249,DESENGRASANTE TB'3225 SUPER B,Repuestos,SUPER B,5.14722275,1,8.003931376,6.500942333,7/20/2022
525,702260,Herramienta de Valvula TB-VC10,herramientas,Otras,6.87,0,11.00574,8.49819,7/20/2022
526,702264,LLAVE EN Y TORX 10/25/30 TB-YY30,herramientas,SUPER B,5.91,0,10.00213714,7.495691429,7/20/2022
527,702265,Juego de llaves Hexagonal,herramientas,BKS,6,0,10.008,7.5,7/20/2022
528,702272,LLAVE DOBLE TORX TB-763,herramientas,Otras,5.91,0,10.00563,8.49858,7/20/2022
529,703042,SQUAD LUBRICANTE DE CADENAS X 120 CC,Repuestos,GW,4.459459838,8,8.004730409,6.004662672,7/20/2022
530,703043,SQUAD-LUBICANTE DE CADENA,Otros,GW,6.29,0,10.00059524,8.00047619,7/20/2022
531,703044,SQUAD-DESENGRASANTE,Otros,GW,5.43,0,9.000571429,6.503428571,7/20/2022
532,703045,SQUAD DESENGRASANTE NARANJAS X430CC,Otros,Otras,8.162160919,0,14.00626814,9.998647126,7/20/2022
533,703052,KIT CUIDA TU BICI # 1 SQUAD,Otros,Otras,17.80555525,0,30.0023606,24.00188848,7/20/2022
534,703082,SQUAD LUBRICANTE DE CADENA EN GOTERO X ,Accesorios,GW,8.02,0,15.00542,9.5037,7/20/2022
535,704121,EXTRACTOR DE CADENA SUPE,herramientas,Otras,3.76,0,6.003297297,6.003297297,7/20/2022
536,706100,ACEITE MINERAL HIDRAULICO SHIMANO 100MM,Repuestos,Shimano,7.31,1,10.00008,8.497875,7/20/2022
537,706101,ACEITE FRENO DISCO SM-DBOIL 1000CC SHIMA,Otros,Shimano,21.12,0,45.00258532,35.0008373,7/20/2022
538,706106,GRASA SIS-SP41 SHIMANO 50G Y04180000,Otros,Shimano,15.71,1,30.00698016,20.00203571,7/20/2022
539,733666,MULTIHERRAMIENTA CLIFF R,herramientas,Cliff,15.11,0,20.00313514,18.00131081,7/20/2022
540,755926,Centrum Women,Nutricion,Otras,11.4218,1,17.0070602,15.0025343,7/20/2022
541,801440,MINI BOMBA ALUMINIO CAH-106 1 VIA BETO,Accesorios,BETO,7.270268784,0,12.00321376,9.996619578,7/20/2022
542,801445,MINIBOMBA GW GP-01,Accesorios,GW,10.73,0,15.00054,12.50045,7/20/2022
543,801446,MINIBOMBA BETO CRH-011 PB,Accesorios,BETO,4.24324327,0,10.00556763,6.004189227,7/20/2022
544,801448,MINIBOMBA GW M21-07 DOBLE ACCION,Accesorios,GW,6.791665583,0,10.0041234,8.50316531,7/20/2022
545,801501,MINI BOMBA PRO COMPACT TELESCOPICA,Accesorios,PRO,11.01,0,16.993935,13.613865,7/20/2022
546,801511,MICROINFLADOR PRO CO2 N,Accesorios,PRO,13.03,0,20.00951351,15.00452973,7/20/2022
547,801539,REPUESTO 0 CARTUCHO DE CO2,Accesorios,PRO,6.19,1,10.00791892,7.496345946,7/20/2022
548,804100,CANDADO CABLE ESPIRAL  6 X 150 87104,Accesorios,GW,2.51,0,5.00745,3.00447,7/20/2022
549,804105,PARCHE POR HOJA 3X18P NEGRO,Repuestos,Otras,3.88,0,6.007606894,6.007606894,7/20/2022
550,804145,KIT DE PARCHES DE 48 TH,Accesorios,Otras,2.85,0,4.000445946,3,7/20/2022
551,804146,KIT PARCHES 11 PIEZAS T,Accesorios,Otras,2.66,2,4.00122973,3,7/20/2022
552,804149,PARCHES REDONDO x 50 YP,Accesorios,Otras,2.92,1,4.007675676,3.003567568,7/20/2022
553,804205,JGO CINTAS CORCHO GW,Accesorios,GW,6.18,4,10.00233,7.50252,7/20/2022
554,804232,CINTA MANUBRIO CLASSIC PRO,Accesorios,PRO,10.72,5,17.00728,12.5,7/20/2022
555,804315,MANGOS BMX NEGROS VLG411 GW,Accesorios,GW,4.84,2,8.006621622,5.495783784,7/20/2022
556,804322,MANGOS MTB/BMX NEGROS VL,Accesorios,GW,9.84,0,15.0027027,12.00216216,7/20/2022
557,804341,Punos BMX  GW Gorila 145MM,Accesorios,GW,4.22,5,5,5.0007,7/20/2022
558,804407,MANGOS ESPUMA C/DEDOS LF-212 BICOLOR,Accesorios,Otras,3.5,2,5.001861659,4.2,7/20/2022
559,804427,MANGOS HANDLZ H-MX KRATO GW ,Accesorios,GW,4.07,0,7.004351351,5.003108108,7/20/2022
560,804488,MANGOS MTB SZ-140 130MM,Accesorios,Otras,5.18,11,7.00854,5.50116,7/20/2022
561,804496,Punos MTB GW Gorila  130mm,Accesorios,GW,3,3,5.004,3.5,7/20/2022
562,806105,Soporte de Caramanola de  Aluminio,Accesorios,Otras,3.7,0,4.995,3.996,7/20/2022
563,806120,SOPORTE CARAMANOLA GW FIBRA VIDRIO,Accesorios,GW,5.2,0,6.0008,5.2,7/20/2022
564,806161,SOPORTE CARAMANOLA CANNIBAL ELITE,Accesorios,Otras,14.7,0,20.00302703,16.99632432,7/20/2022
565,807419,CARAMA헲LA PLASTICA GW SHIMANO,Accesorios,GW,2.49,1,5.0049,3.00045,7/20/2022
566,807454,CARAMA헲LA LOLI GW,Accesorios,GW,3.66,0,6.0024,4.20168,7/20/2022
567,807459,CARAMA헲LAS LOLI SCOTT 600ML,Accesorios,GW,3.793333093,3,5,4,7/20/2022
568,807477,CARAMA헲LAS LOLI FOX 600 ML,Accesorios,GW,3.71333336,3,5,4,7/20/2022
569,807481,CARAMANOLA FLY EQUIPOS,Accesorios,Otras,7.55,9,10.00147371,8.495818714,7/20/2022
570,807486,TERMO FLY TOUR DE FRANCIA,Accesorios,Otras,10.01,5,15.0093,11.5,7/20/2022
571,807496,CARAMANOLA LOLI COLOMBIA,Accesorios,GW,4.57,0,5,5,7/20/2022
572,807497,CARAMANOLA LOLI LINEAS V,Accesorios,GW,5.51,0,7.002162162,6.00972973,7/20/2022
573,807501,CARAMANOLA  LOLI MILITAR ,Accesorios,GW,3.432432432,1,5.001054054,4.009081081,7/20/2022
574,808114,PARRILLA MTB ALUMINIO P/CA헤 COLORES,Accesorios,Otras,10.7,0,18.00194604,13.00378385,7/20/2022
575,809014,LUZ TRASERA XC-181R ,Accesorios,GW,8.81,1,13.00356,10.50152,7/20/2022
576,809014-1,LUZ TRASERA XC-180,Accesorios,GW,10,2,13,11,7/20/2022
577,809018,LUZ DEL. SIGMA BUSTER 10,Accesorios,Otras,24.3,2,36.00859459,28.00263514,7/20/2022
578,809029,LUCES DEL/TRASER SNAKE X,Accesorios,GW,2,5,5,4,7/20/2022
579,809031,Kit Luces GW,Accesorios,GW,13.62,1,20.00778,15.663,7/20/2022
580,809032,LUZ TRASERA EBL - 022AT 40LM GW,Accesorios,GW,9.68,7,15.003032,12.50172,7/20/2022
581,809033,Luz trasera 15 Lumens GW,Accesorios,GW,4.18,0,7.0015,4.9951,7/20/2022
582,809040,Luz trasera de 50 lummens,Accesorios,GW,9.1,0,13.0039,11.0019,7/20/2022
583,809041,Luz  Delantera/trasera de 100 lumens GW,Accesorios,GW,9.1,0,15.00135,11.0019,7/20/2022
584,809043,LUZ TRASERA LED T01 GW,Accesorios,GW,7.86,0,13.00848649,9.504689189,7/20/2022
585,809045,LUZ DELANTERA BC 12 -500 LED GW,Accesorios,GW,16.11,9,20.00862,18.002925,7/20/2022
586,809048,LUZ DELANTERA BL29 LED GW,Accesorios,GW,25.81666831,0,38.00213575,29.99896857,7/20/2022
587,809052,LUZ DELANTERA EBL-3291 L 500LM GW,Accesorios,GW,12.95,2,20.00775,18.0005,7/20/2022
588,809053,LUZ DELANTERA EBL-3289 L 300LM GW,Accesorios,GW,12.45,0,18.00181622,14.99736486,7/20/2022
589,809056,LUZ TRASERA EBL-3287 LED 30LM GW,Accesorios,GW,10.47,3,15.00351,12.50118,7/20/2022
590,809058,LUZ DELANTERA BC11 GW 500 LM,Accesorios,GW,12.66,0,20.0028,16.00224,7/20/2022
591,809159,LUZ INTERMITENTE P/VALVULA FIREFLY,Accesorios,Otras,3.009972833,0,5.002574849,4.003263868,7/20/2022
592,809168,LUCES DELANTERA/TRASERA SNAKE X,Accesorios,GW,5.11,2,7.003216216,6.002027027,7/20/2022
593,809186,LUZ DELANTERA XC-122 CON USB,Accesorios,GW,7.73,2,12.00427027,9.298864865,7/20/2022
594,813517,GW GAFAS CARIBBEA FOTOCROMATICOS,Accesorios,GW,21.61,1,35.0082,27.995755,7/20/2022
595,814068,CASCOS SUPRA MTB SCOTT,Accesorios,SCOTT,45.20270295,0,65.00148684,58.00410842,7/20/2022
596,814217,CASCOS BMX PHOENIX+LAZER,Accesorios,Otras,102.27,0,150.009636,120.003618,7/20/2022
597,814455,CASCO GW001 MTB/ROAD MANTIS,Accesorios,GW,16.92,2,25.00776,19.99944,7/20/2022
598,814469,CASCOS GW-015 RUTA/MTB,Accesorios,GW,25.7,6,45.0007,32.9988,7/20/2022
599,814470,CASCO GW-025 RUTA/MTB,Accesorios,GW,31.7,2,45.00766,34.9968,7/20/2022
600,814474,CASCOS GW TARANTULA RUTA,Accesorios,GW,13.08,0,25.00448649,17.99956757,7/20/2022
601,814475,CASCOS GW-068 HORNET RUTA/MTB COLORES,Accesorios,GW,16.65,7,25.0083,18.99765,7/20/2022
602,814479,CASCO BMX GW JX 601-2 JUNIOR ABS,Accesorios,GW,35.18,2,55,45,7/20/2022
603,814481,CASCO RUTA GW R1 Y R2,Accesorios,GW,47.85,0,65,57,7/20/2022
604,814492,CASCO MTB M4 GW,Accesorios,GW,17.88000117,0,30,30,7/20/2022
605,814494,CASCO MTB SECURITY LIGHT OUT MOLD M6 GW,Accesorios,GW,22.88800035,0,40,40,7/20/2022
606,815645,CODERAS/RODILLERAS YD-6PC GW,Accesorios,GW,18.27027178,1,30,25,7/20/2022
607,815666,GUANTES CORTOS DSM SCOTT TEAM,Accesorios,SCOTT,19.52702816,2,25.00435956,23.00283918,7/20/2022
608,815720,GUANTES CORTOS GW ZX035,Accesorios,GW,11.5,4,18.009,14,7/20/2022
609,815760,GUANTES RUTA/MTB CORTOS,Accesorios,GW,7.4,0,15.00527838,9.001686486,7/20/2022
610,815906,ZAPATILLAS MTB GW ELITE M27029,Ropa,GW,69.56756641,0,95.00146868,85.00460939,7/20/2022
611,815935,ZAPATILLAS RUTA RD KNIT GW,Ropa,GW,68.21621527,1,95.00472301,85.00422585,7/20/2022
612,817109,RUEDA AUXILIAR 16P REFORZADA RUEDA/CAUC,Accesorios,Otras,5.88,2,9.00816,7.00896,7/20/2022
613,818193,PROTECTOR FACIAL REFLECTIVE GW ,Accesorios,GW,4.64,0,10.00384,5.99952,7/20/2022
614,818333,CAMISETA TEAM GW 3 COLORES - ROJA,Ropa,GW,14.66216343,0,24.99898865,25.00631973,7/20/2022
615,818517,CAMISA DE CICLISMO HOMBRE MANGA CORTA 75 TO 25,Ropa,GW,26.01388767,1,40.00935923,31.99708183,7/20/2022
616,818537,CAMISA DE CICLISMO MUJER MANGA CORTA STRIPES,Ropa,GW,25.23055694,0,40.00304804,32.00496148,7/20/2022
617,818628,PANTALON SQUAT FIRE GW,Ropa,GW,43.04054049,0,55.00581074,49.99158778,7/20/2022
618,818673,GUANTES LARGOS TORCH GW,Accesorios,GW,15.23,8,22.00735,18.00186,7/20/2022
619,819170,BOLSO PORTAHERRAMIENTAS tipo botella,Accesorios,GW,6.45,0,10.00414286,7.49988,7/20/2022
620,819172,BOLSO PORTAHERRAMIENTAS GW-CARRY BAG,Accesorios,GW,7.11333472,0,12,9,7/20/2022
621,819180,BOLSO PORTACELULAR  GW PARA MANUBRIO,Accesorios,GW,11.8,3,15.0096,13.5,7/20/2022
622,819181,BOLSO PORTAHERRAMIENTA GYPSY GW,Accesorios,GW,8.6,0,13.0032,10.5006,7/20/2022
623,819182,BOLSO PORTA HERRAMIENTAS TRIUMPH GW,Accesorios,GW,9.08,0,13.00410671,10.50045293,7/20/2022
624,819184,BOLSO PORTA CELULAR CROSSOVER Gw,Accesorios,GW,10.89,0,15.00902919,13.00492079,7/20/2022
625,819189,BOLSO PORTA HERRAMIENTA IMPER GW WATER,Accesorios,GW,12.01388967,0,17.00566082,14.50076483,7/20/2022
626,832055,PANTALONETA DAMA QUEST PEARL IZUMI,Ropa,Otras,32.81,1,45.00002703,38.00476216,7/20/2022
627,835006,COMBO PX ENDURANCE CARAMANOLA + 3PX,Accesorios,Otras,3.28,1,8.0032,5.002,7/20/2022
628,999308,TERMO 800ML,Accesorios,Otras,3.98,0,6.0098,5.00286,7/20/2022
629,1005100,CREMA ANTIROCE SQUIRT,Accesorios,Otras,14.55,0,20.00625,19.009575,7/20/2022
630,1007101,ANTIPINCHAZO SQUIRT 1000ML,Accesorios,Otras,36.15,1,50.00991,48.0072,7/20/2022
631,1008102,SQUIRT BIKE CLEANER 1000ML,Accesorios,Otras,20.09,0,28.00546,25.002005,7/20/2022
632,1579781,Cauchos Ruta 700*28C BONTRAGER,Repuestos,Otras,22.32,2,37,30,7/20/2022
633,2607587,PORTACARAMA헲LA CLIFF SPORT YELLOW/RED,Accesorios,Cliff,6.716215027,0,9.009802459,9.009802459,7/20/2022
634,3000033,PASTILLAS FRENO ALUMINIO STL MDA08,Repuestos,STL,2.77,1,5.001885,3.497725,7/20/2022
635,3000042,Pastilla frenos hidraulicos STL RH-3,Repuestos,STL,5.64,0,8.004404762,6.49935119,7/20/2022
636,3000045,PASTILLAS FRENOS ALUMINIO FDAD9 STL HPD09,Repuestos,STL,3.41,3,7.3315,5.115,7/20/2022
637,3000047, PASTILLA P/FRENO DISCO HPD48 STL,Repuestos,STL,4.000000838,2,8.000001676,5.000001047,7/20/2022
638,3000054,PASTILLA P/FRENOS DISCO,Repuestos,Otras,3.71,5,7.00077,4.99737,7/20/2022
639,3000094,"LLANTA 29*2,25  60 TPI I",Repuestos,INNOVA,33.62,0,45.00254054,40.00300541,7/20/2022
640,3000094,LLANTA 29 X 2.25 60TPI IB301 INNOVA BUTTE N/SK TBL,Repuestos,INNOVA,34.51999965,0,50,50,7/20/2022
641,3000125,LLANTA 700X38C CAFE IA-2562 22TPI INNOVA,Repuestos,INNOVA,11.67199965,0,18,18,7/20/2022
642,3000132,LLANTA 29X2.10 NEGRA/SKIN IA-2549 33TPI,Repuestos,Otras,12.96799851,0,20,20,7/20/2022
643,4000021,SILLIN STL MTB GEL 6608,Accesorios,STL,10.31,0,18.00375429,12.00250286,7/20/2022
644,4020558,SUSPENSION REBA RL 29 BOOST 100 REMOTO,Repuestos,Rockshot,730,0,1100.037,940.021,7/20/2022
645,5000051,FORRO SILLIN STL MTB GEL NEGRO FAC-201HG,Accesorios,STL,10.56,0,15,13.00992,7/20/2022
646,6000139,MANUBRIO MTB STL X3 NEGRO 780MM,Repuestos,STL,11.86,0,20.00189,15.0029,7/20/2022
647,6000169,CA헤 STUNT STL OVERSIZE TDSAL6068 FOV EXT,Repuestos,Otras,12.62666525,1,20,15,7/20/2022
648,6000172,MANUBRIO MTB STL X3 780MM MTB-AL 300BT FOV,Repuestos,STL,10.91999899,0,20,14,7/20/2022
649,6000173,MANUBRIO MTB STL X3 ROJO 780MM,Repuestos,STL,11.37,0,20.005515,14.99703,7/20/2022
650,6000174,MANUBRIO MTB STL X3 DORADO 780MM,Repuestos,STL,11.37,0,20.005515,14.99703,7/20/2022
651,6000190,TENEDOR 29 TWISTER 290 NEGRO DISCO 425A,Repuestos,Otras,35.7,1,55,50,7/20/2022
652,6001125,Whey Isolate Vanilla Sobres,Nutricion,Otras,1.29,0,2.00595,2.00466,7/20/2022
653,6519657,CINTA DE MANUBRIO CLIFF SPORT,Accesorios,Cliff,6.216215027,0,10.00810619,8.00026874,7/20/2022
654,7000033,CASCO HB3-2 STL VISERA/LUZ NEGRO MATE,Accesorios,STL,26.22666752,0,45,45,7/20/2022
655,7291401,PROTECTOR DE BIELA MTB CAUCHO NEGRO,Accesorios,Otras,5.05,4,7.0094,5.9994,7/20/2022
656,12000009,PORTACARAMA헲LA STL CL-095 NEGRO LATERAL,Accesorios,STL,7.918919081,0,10.00951372,10.00951372,7/20/2022
657,12000010,PORTACARAMA헲LA STL CL-111 NEGRO,Accesorios,STL,8.905406568,0,12.00448805,10.50392705,7/20/2022
658,12150435,LLANTA CONTINENTAL RACE KING 29*2.2,Repuestos,CONTINENTAL,19.39999928,0,30,30,7/20/2022
659,12150466,LLANTA CONT ULTRASPORT 700X28C KEV,Repuestos,Otras,22.46,4,36.00338,28.00762,7/20/2022
660,15000055,SILLIN STL GOLDEN LINE M,Accesorios,STL,10.31,2,15.00105,12.5,7/20/2022
661,15000094,SILLIN STL GOLDEN LINE ,Accesorios,STL,10.31,0,15,12.5,7/20/2022
662,15000077,Sillin STL CRS,Accesorios,STL,13.01,0,20.00938,15.501415,7/20/2022
663,17000049,GUARDABARRO TRASERO S-MUD CORTO POLISPORT,Accesorios,Otras,9.25,1,15,11.5,7/20/2022
664,17000061,GUARDABARRO TRASERO S-MUD SLIM POLISPORT,Accesorios,Otras,5.93,0,10.00391,7.50145,7/20/2022
665,33000067,NEUMATICO 700X19/23/25C V/FRANCESA 39MM,Repuestos,Chaoyang,3.635999227,0,6,7,7/20/2022
666,291603200,CICLOCOMPUTADOR MICRO INALAMBRICO MC-200W BK,Accesorios,CATEYE,37.77,0,60.008976,47.998116,7/20/2022
667,291603200,CICLOCOMPUTADOR MICRO INAL MC-200W BK,Accesorios,CATEYE,37.80000141,0,60,50,7/20/2022
668,291603300,CICLOCOMPUTADOR CATEYE VELO 9 CC VL820BK,Accesorios,CATEYE,18.17333459,0,27,22,7/20/2022
669,291604000,CICLOCOMPUTADOR CATEYE PANDRONE PA 100W BLACK ,Accesorios,CATEYE,40.15,0,60.004175,47.999325,7/20/2022
670,291604300,CICLOCOMPUTADOR CATEYE VELO WIRELESS +,Accesorios,CATEYE,38.31999968,0,55,47,7/20/2022
671,291604350,CICLOCOMPUTADOR VELO INA CATEYE,Accesorios,CATEYE,26.26,1,45.00964,35.00458,7/20/2022
672,291604600,CICLOC CATEYE PADRONE PLUS (LUZ) PA110W,Accesorios,CATEYE,50.17333264,0,75,63,7/20/2022
673,480000281,CARAMA헲LA LIV DOUBLESPRING 750C GRI/ROS,Accesorios,Otras,8.932432432,0,12.00072297,10.2722973,7/20/2022
674,480000283,CARAMA헲LA LI DOUBLESPRING 750C TRA/ROJ,Accesorios,Otras,8.218918081,1,12.00783932,9.5,7/20/2022
675,480000363,CARAMA헲LA LIV DOBLESPRING 750C TRA/ROS,Accesorios,Otras,8.218918081,0,12.00783932,9.451755793,7/20/2022
676,10027000033,CASCO HB3-2 STL VISERA/LUZ NEGRO MATE,Accesorios,STL,26.19444533,1,45.00205708,40.01201525,7/20/2022
677,10027000033,CASCO HB3-2 STL VISERA/LUZ ,Accesorios,STL,26.22,6,45.00663,35.0037,7/20/2022
678,10027000053,CASCO HB32 STL VISERAQ,Accesorios,STL,26.08,0,45.00597,35.00319429,7/20/2022
679,10027000054,CASCO HB3-2 STL VISERAVLUZ NEGRO MATE,Accesorios,STL,26.22,0,45.00663,35.0037,7/20/2022
680,10034000040,RIN 29 BLACK JACK READY 23 28H NEGRO,Repuestos,BLACK JACK,24.60000099,0,37,37,7/20/2022
681, 2017-12C ,Pedales 2017-12C (Naranja),Repuestos,AC,20,0,26,25,7/20/2022
682, BR603-1,Porta equipaje p/bicicleta BR603-1,Accesorios,AC,20,1,28,25,7/20/2022
683, LF080,Rodilleras LF080,Accesorios,AC,17,1,22.0065,20.0005,7/20/2022
684, S099GR,Guantes p/ciclismo S099GR,Accesorios,AC,7,0,10.003,7.9975,7/20/2022
685, TM-1701P,Bomba de aire p/bicicleta TM-1701P,Accesorios,AC,4.5,0,7.002,4.995,7/20/2022
686, XT9002,Mangas deportivas XT9002,Accesorios,AC,2.5,2,5,3.5,7/20/2022
687,00T160,Microherramienta plegable T160 (BKS),Accesorios,BKS,7,0,9.009,8.001,7/20/2022
688,05LUC3322,LUZ DELANTERA USB 700LM MOD WL-3322 KUL,Accesorios,Otras,20.59,5,30.009925,24.5021,7/20/2022
689,0XC147,Luz delantera blanca  GW,Accesorios,GW,6.12,0,10.0062,10.0062,7/20/2022
690,0XC235,Luz delantera/trasera de 30 lumens GW,Accesorios,GW,11,0,13.002,13.002,7/20/2022
691,11G285,UNICO C ITALIA CAMISA MC,Ropa,Suarez,26.64,0,40.002624,35.00496,7/20/2022
692,1601C,PROTEIN BAR CAJA*18UND,Nutricion,Otras,4.337839216,0,5.500380126,5.500380126,7/20/2022
693,2038037-AMN,"ASIENTO (AVIATOR) MTB ACOLCHADO NEGRO AMARILLO PROSTATICO
INCLUYE CREMAYERA",Accesorios,Otras,6.4032,0,10.0017984,8.004,7/20/2022
694,2038037-RJN,"ASIENTO (AVIATOR) MTB ACOLCHADO NEGRO ROJO PROSTATICO
INCLUYE CREMAYERA",Accesorios,Otras,6.4032,0,10.0017984,8.004,7/20/2022
695,2150920-SC,"INFLADOR (ZEFAL) KIT CARTUCHO EZ CONTROL + CO2 HOLDER + 2 CO2 16gr
CON ROSCA + PARA INFLADO CON EMPAQUE",Accesorios,ZEFAL,21.4484,1,30.0063116,26.006185,7/20/2022
696,2210170-NG,"CAMARA DE AIRE (TRIPA) 29""x 1.90-2.35"" VALVULA 48mm AMERICANA EN
CAJITA CHENG SHIN TIRE (CST)",Repuestos,CST,4.8024,11,7.0018992,6.003,7/20/2022
697,2210172-NG,"CAMARA DE AIRE(TRIPA)29""*1,90-2,35"" VALVULA 48MM FRENCH EN CAJITA CHENG SHIN TIRE (CST)",Repuestos,CST,5.14,8,7,6,7/20/2022
698,2210175-NG,"CAMARA DE AIRE (TRIPA) 29""x 1.90-2.35"" ANTI PINCHAZO VALVULA 48mm AMERICANA EN CAJITA CHENG SHIN TIRE (CST)",Repuestos,CST,7.1804,8,10.0094776,9.0006314,7/20/2022
699,2252218-NG,"CAUCHO 700 x 23C CZAR 27 TPI ALAMBRE 120PSI DUAL COMPOUND NEGRO
+ GRIS CHENG SHIN TIRE (CST)",Repuestos,CST,14.8712,0,20.001764,18.0090232,7/20/2022
700,2252228-NG,"CAUCHO 700 x 25C CZAR 27 TPI ALAMBRE 120PSI DUAL COMPOUND NEGRO
+ GRIS CHENG SHIN TIRE (CST)",Repuestos,CST,17.342,4,24.001328,21.001162,7/20/2022
701,2252255-NG,"CAUCHO 29""x 2.20""CONQUEROR 60 TPI FOLDABLE EPS/TPR TUBELESS READY
65 PSI DUAL COMPOUND SKINWALL CHENG SHIN TIRE",Repuestos,CST,36.366,2,50.00325,45.002925,7/20/2022
702,2460037-SC,"AEROSOL (ZEFAL) BIKE IN ALL 150ML DESENGRASA, PENETRA, LIMPIA Y
LUBRICA 100% BIODEGRADABLE",Accesorios,ZEFAL,7.308,2,10.004652,9.003456,7/20/2022
703,2460110-SC,"AEROSOL (ZEFAL) DISK BRAKE CLEANER 400ML IDEAL PARA LIMPIEZA
DE FRENOS DE DISCO, MEJORA EL FRENADO Y ELIMINA RUIDO",Accesorios,ZEFAL,9.2684,0,13.0035652,11.5020844,7/20/2022
704,2460114-SC,"LUBRICANTE (ZEFAL) EXTRA DRY WAX 120ML TIPO GOTERO BIODEGRADABLE
 PARA TODO TIPO DE CLIMA CHAIN WX",Accesorios,ZEFAL,8.4912,1,13.0085184,11.0045952,7/20/2022
705,2544008-SC,"AEROSOL (ZEFAL) REPAIR SPRAY 2 EN 1 REPARA Y RE-INFLA 150ml SIN
DESMONTAR EL NEUMATICO INCLUYE DISPENSADOR DE FACIL USO",Accesorios,ZEFAL,7.5516,1,11.0026812,9.06192,7/20/2022
706,2544011-SC,"AEROSOL (ZEFAL) REPAIR SPRAY 2 EN 1 REPARA Y RE-INFLA 100ml SIN
DESMONTAR EL NEUMATICO INCLUYE DISPENSADOR DE FACIL USO",Accesorios,ZEFAL,5.6724,1,8.0094288,7.005414,7/20/2022
707,2544015-SC,"KIT CONVERTIDOR (ZEFAL) TUBELESS KIT 30mm KIT COMPLETO INCLUYE
CINTAS, VALVULAS, LIQUIDO Y HERRAMIENTA BLISTER",Accesorios,ZEFAL,42.5488,1,60.00231776,53.00304016,7/20/2022
708,261050-SC,"SOPORTE PARA EXHIBICION DE BICICLETA 26-29""",Accesorios,Otras,15,0,20.0025,18,7/20/2022
709,3103R20N,RUEDA AUX. NO. 20 NEGRA,Accesorios,Otras,6.76,1,10.0048,8.00384,7/20/2022
710,32KITVALV,KIT VALVULA PRESTA PARA TUBELES 44MM,Repuestos,Otras,23.99,1,35.00141,29.00391,7/20/2022
711,32VALTIT2,VALVULA REPUESTO P/BOMBA DE PIE FP-T1 Y,Repuestos,Otras,8.702703946,2,14.00265065,10.5,7/20/2022
712,33CIN1001,CINTA SELLANTE P/TUBELESS-GORILLA,Repuestos,Otras,11.88,6,18.00414,14.004144,7/20/2022
713,36GAL0165,GALAPAGO MTB ANTIPROSTAT,Accesorios,Otras,12.7972973,0,20.00217568,14.99843243,7/20/2022
714,3890-48,Grasa liquida HHS2000 65,Otros,Otras,11.48,0,18.00711111,13.99915079,7/20/2022
715,96152DC,GEL MANGO CAFEINA * 24 UND,Nutricion,Otras,1.945947081,0,2.004325494,2.004325494,7/20/2022
716,A-00208,NRG SPRAY LIMPIACUADRO,Accesorios,Otras,7.69,0,12.00409,10.00469,7/20/2022
717,A-01093,NRG SPRAY ABRILLANTADOR,Accesorios,Otras,6.59,0,10.00362,9.00194,7/20/2022
718,A-02198,NRG HIGIENIZANTE CASCO,Accesorios,Otras,4.99,2,4.99,6.50197,7/20/2022
719,A320,Bomba de aire p/bicicleta A320,Accesorios,AC,5,0,8,6,7/20/2022
720,ACEITE60,ACEITE LUBRICANTE P/CADENA X 30 GR,Repuestos,Otras,2.216215378,2,4.5,3.5,7/20/2022
721,ACG003,Lentes ACG003,Accesorios,AC,20,0,28,25,7/20/2022
722,ACG005,Lentes ACG005,Accesorios,AC,20,0,27,25,7/20/2022
723,ACH017,Cascos ACH017,Accesorios,AC,25,2,32,30,7/20/2022
724,ACH032,Cascos ACH032 Kids,Accesorios,AC,15,3,20.0025,18,7/20/2022
725,ACH061,Cascos ACH061,Accesorios,AC,22,3,30.008,25.003,7/20/2022
726,ADA129,GUSANILLO AUTOMATICO EXITO,Accesorios,Otras,1.108106676,0,1.108106676,1.108106676,7/20/2022
727,B0M1001,BOMBA PLASTICA 380MM ZEFAL,Accesorios,ZEFAL,4.513513514,2,10.00014054,6.002972973,7/20/2022
728,BAN0324,PASTILLAS FRENO DISCO SF-DB21 SHUNFENG,Repuestos,Otras,2.297297378,4,4,2.9999947,7/20/2022
729,BOM0334,BOMBA (BETO) PIE CMP -125 PLASTICA 580MM,Accesorios,BETO,8.24,1,15.00504,10.00336,7/20/2022
730,BOM0335,BOMBA BETO PIE ACERO C/RELOJ 630MM CMP-151,Accesorios,BETO,16.41333411,2,25,25,7/20/2022
731,BOM0340,BOMBA PIE CMP-069 ALUM C/RELOJ BETO,Accesorios,BETO,18.72,0,30.00816,23.995296,7/20/2022
732,BOM0347,BOMBA CMP-004 200MM PLASTICA NEGRA BETO,Accesorios,BETO,3.85,0,10.00615,5.00115,7/20/2022
733,CAB060,CABLE DE CAMBIO 200 CM EXITO,Repuestos,Otras,0.62013192,0,1,1,7/20/2022
734,CADO321,CADENILLA KMC 10SL VEL G,Repuestos,Otras,47.14,1,65.00606,58.001056,7/20/2022
735,CADO325,CADENILLA KMC 10 VEL 1/2,Repuestos,Otras,23.95,0,36.00272973,28.99854054,7/20/2022
736,CADO369,CADENILLA KMC 11 VEL 1/2,Repuestos,Otras,28,0,38.0016,34.0032,7/20/2022
737,CADO371,CADENILLA KMC 11SL VEL 1,Repuestos,Otras,60.76,1,83.00588108,76.00062703,7/20/2022
738,CADO376,CADENILLA KMC 12 VEL GOLD,Repuestos,Otras,60.76,0,83.00588108,74.00172973,7/20/2022
739,CAMIMLEXPD,CAMISA EXPEDITION,Ropa,Otras,21.41891911,1,35.00922328,32.01057461,7/20/2022
740,CAR1001,CARAMANOLA ZEFAL TERMICA 750CC,Accesorios,ZEFAL,9.41,0,18.00133,11.99775,7/20/2022
741,CD0240,MEDIAS EXPEDITION REFLECTIVAS,Ropa,XPEDITION,7,0,11.004,8.498,7/20/2022
742,CD0241,REDUCTOR,Accesorios,Otras,7,0,11.004,8.498,7/20/2022
743,CG-32,PORTACARAMANOLA FLY CAGE POLY,Accesorios,Otras,15.46,0,20.00524,18.49789,7/20/2022
744,CIN1402,CINTA MANUBRIO VENZO,Repuestos,VENZO,7.783783784,0,15.00324324,10.00216216,7/20/2022
745,DECA101TG,TI-GOLD 10S,Repuestos,Otras,31.5,1,44.0055,40.005,7/20/2022
746,DECA-101SB,SILVER-BLACK 10S,Repuestos,Otras,17.9,0,25.0063,23.0015,7/20/2022
747,ECSHG2007228T,"CASSETTE SHIMANO CS-HG200-7 NEGRO 7
VELOCIDADES 12-14-16-18-21-24-28T EMPAQUE
INDIVIDUAL.",Repuestos,Shimano,15.2656,2,21.00241248,19.005672,7/20/2022
748,ECSHG2007232T,"CASSETTE SHIMANO CS-HG200-7 NEGRO 7
VELOCIDADES 12-14-16-18-21-26-32T EMPAQUE
INDIVIDUAL.",Repuestos,Shimano,16.0312,4,22.00121888,20.0069376,7/20/2022
749,ECSHG2008232T,"CASSETTE SHIMANO CS-HG200-8 CROMADO 8
VELOCIDADES 12-14-16-18-21-24-28-32T EMPAQUE
INDIVIDUAL.",Repuestos,Shimano,17.8756,4,25.00081416,22.0048636,7/20/2022
750,EFDTY300DSDL6,"CAMBIO DELANTERO SHIMANO FD-TY300 TOURNEY
SIS TIRON INFERIOR 34.9 mm MAX.42T EMPAQUE
INDIVIDUAL.",Repuestos,Shimano,8.5028,5,12.00000164,11.0026232,7/20/2022
751,EFDTY300DSTIV5,"CAMBIO DELANTERO SHIMANO FD-TY300 TOURNEY
SIS TIRON SUPERIOR 31.8mm MAX. 42T EMPAQUE
INDIVIDUAL.",Repuestos,Shimano,8.5028,3,12.00000164,11.0026232,7/20/2022
752,EFDTY300DSTL6,"CAMBIO DELANTERO SHIMANO FD-TY300 TOURNEY
SIS TIRON SUPERIOR 34.9 mm MAX. 42T EMPAQUE
INDIVIDUAL.",Repuestos,Shimano,8.5028,0,12.00000164,11.0026232,7/20/2022
753,EFH5800BYBL,"MAZA SHIMANO HB-5800L 105 32 HUECOS TRASERA
10/11 VELOCIDADES NEGRO ALUMNIO INCLUYE
BLOQUEO EMPAQUE INDIVIDUAL.",Repuestos,Shimano,73.9848,1,100.0052542,90.0025092,7/20/2022
754,EFHTX506AZB,MAZA TRASERA SHIMANO FH-TX506 8/9/10 VELOCIDADES NEGRO 36 HUECOS PARA FRENOS DE DISCO 6 HUECOS,Repuestos,Shimano,27.3064,1,37,33,7/20/2022
755,EFHTX506BZB,MAZA TRASERA SHIMANO FH-TX506 8/9/10 VELOCIDADES NEGRO 32 HUECOS PARA FRENOS DE DISCO 6 HUECOS,Repuestos,Shimano,27.3064,1,37,33,7/20/2022
756,EHB5800BL,"MAZA SHIMANO HB-5800L 105 32 HUECOS
DELANTERA NEGRO ALUMNIO INCLUYE BLOQUEO
EMPAQUE INDIVIDUAL.",Repuestos,Shimano,33.7096,2,46.00012016,43.00333672,7/20/2022
757,EHBTX505A5,"MAZA DELANTERA SHIMANO HB-TX505 NEGRO 36
HUECOS CENTER LOCK SYSTEM EMPAQUE
INDIVIDUAL.",Repuestos,Shimano,14.5232,2,20.00135104,18.008768,7/20/2022
758,EHBTX506AAL,MAZA DELANTERA SHIMANO HB-TX506 NEGRO 36 HUECOS PARA FRENOS DE DISCO 6 HUECOS,Repuestos,Shimano,18.9428,1,26,23,7/20/2022
759,EHBTX506BAL,MAZA DELANTERA SHIMANO HB-TX506 NEGRO 32 HUECIS PARA FRENOS DE DISCO 6 HUECOS,Repuestos,Shimano,18.9428,1,26,23,7/20/2022
760,ESMRT30M,"DISCO DE FRENO SHIMANO SMRT30 180mm
CENTER LOCK EN EMPAQUE INDIVIDUAL.",Repuestos,Shimano,13.6532,0,19.00115844,17.0050606,7/20/2022
761,EXPGUANTE,GUANTE XPEDITION REFLECTIVO,Ropa,Otras,13.44594484,0,18.00008635,15.5031744,7/20/2022
762,FDA09,GOMAS DISCO STL FDA09 REDONDA P/LARGO,Repuestos,Otras,5.310810811,0,8.008702703,6.500432432,7/20/2022
763,FHS14SG05,STRYGE CODO -5 35 55MM NEGRO /,Accesorios,Otras,25.74324403,0,35.00051458,30.00375091,7/20/2022
764,GAF1440,GAFAS VENZO VZ-F27-014 F,Accesorios,VENZO,28.62162162,0,45.0075,36.99917027,7/20/2022
765,GAF1440,GAFAS VENZO VZ-F27-014 FOTOCROMATIC,Accesorios,VENZO,31.7999992,0,45,40,7/20/2022
766,GJ9809,Kit de herramientas GJ9809,Accesorios,AC,8,0,12,10,7/20/2022
767,GORRA002,GORRA CASUAL KOM,Ropa,Otras,7.905404541,1,10.00033674,10.00033674,7/20/2022
768,GRAS1013,DESENGRASANTE ZEFAL DEGREASER BIO-BIKE,Ropa,ZEFAL,13.18,2,20.00724,15.5,7/20/2022
769,GRASA65,GRASA CAMPAGNOLO X 65 GR,Repuestos,Otras,3.216215378,0,4.5,4,7/20/2022
770,GRS1011,DESENGRASANTE ZEFAL BIO-BIKE-WASH CON ,Otros,ZEFAL,7.94,2,15.0066,10.0044,7/20/2022
771,GUANTE001,GUANTE DEDO CORTO,Accesorios,Otras,13.98648786,3,20,18,7/20/2022
772,ICSMX6515,"CASSETTE PI헲N SOLO SHIMANO CS-MX66 15T
EMPAQUE INDIVIDUAL.",Repuestos,Shimano,6.8208,1,10.00065696,9.003456,7/20/2022
773,ICSMX6614,"CASSETTE PI헲N SOLO SHIMANO CS-MX65 14T
EMPAQUE INDIVIDUAL.",Repuestos,Shimano,6.8208,1,10.00065696,9.003456,7/20/2022
774,ICSMX6618,"CASSETTE PI헲N SOLO SHIMANO CS-MX66 18T
EMPAQUE INDIVIDUAL.",Repuestos,Shimano,6.8208,1,10.00065696,9.003456,7/20/2022
775,JEJ0317,EJE CENTRAL (NECO) B910,Repuestos,Neco,6.57,0,13.0086,8.49501,7/20/2022
776,JEJ0318,MOV CENTRAL (NECO) B 910,Repuestos,Neco,6.57,1,13.0086,8.5,7/20/2022
777,JEJ0532,MOV CENTRAL SUN-RACE,Repuestos,Sun Race,7.45,0,13.00683095,8.502461905,7/20/2022
778,JERO02,CAMISA COLOMBIA M/C DAMA/CABALL ROSARIO,Ropa,Otras,21.41891911,0,35.00922328,29.99719621,7/20/2022
779,JMA0443,JGO MANZANA DELTRAS HB-02 ACERO,Repuestos,Otras,6.45,0,10.00395,7.801275,7/20/2022
780,KCSM510011151,CASSETTE SHIMANO CS-M5100 DEORE 11 VELOCIDADES,Repuestos,Shimano,76.1076,0,102,92,7/20/2022
781,KIT002,KIT GCOL DESENGRANSANTE Y LIMPIADOR PARA BICICLETAS,Accesorios,Otras,13.85,4,20.006325,16,7/20/2022
782,KRDM5100SGS,"CAMBIO TRASERO SHIMANO RD-M5100 SGS DEORE
11 VELOCIDADES SHADOW PLUS EN BOLSA.",Repuestos,Shimano,44.61,3,60.00083064,54.0047628,7/20/2022
783,KSLM5100RA1,"PALANCA DE CAMBIO SHIMANO SL-M5100-R DEORE
RAPIDFIRE PLUS 11 VELOCIDADES (NO EMPAQUE)",Repuestos,Shimano,18.3164,2,25.00005436,22.0071546,7/20/2022
784,LF080,Rodilleras LF080,Accesorios,Otras,17,0,24.004,21.998,7/20/2022
785,LLN3003,CAUCHO KENDA SLANT SIX P ,Repuestos,Kenda,26.41,0,40.005868,32.999295,7/20/2022
786,LLN3151,LLTA 29 KENDA KADRE K1027 LLN3151,Repuestos,Otras,10.39189189,0,20.00439189,14.9955,7/20/2022
787,LUC113,LUZ LED 10W 20 LUMENS SPOLITE,Accesorios,GW,9.79,0,15.00807,12.00254,7/20/2022
788,LUZ809025,LUZ DE SEGURIDAD EBL-2259 GW,Accesorios,GW,4.861110389,2,8.0013877,6.00347133,7/20/2022
789,MAG1001,MANGUERA PARA BOMBA 6 ZEFAL,Accesorios,ZEFAL,3.020541378,3,2,2,7/20/2022
790,MAN0542,MANECILLAS INTEGRADAS 3-8V SUNRACE MAN0542,Accesorios,Sun Race,20.66216216,0,30.00145946,25.00121622,7/20/2022
791,MAN421,JUEGO MANZANA D/T NEGRO 32 H ALUM SOLON,Repuestos,Otras,54.26,0,75.009024,65.00348,7/20/2022
792,MAN426,JUEGO MANZANA D/T NEGRO 36 H ALUM SOLON,Repuestos,Otras,41.69,1,65.003048,50.002986,7/20/2022
793,MANGA001,MANGAS MICRO-FIBRA.CICLISMO KOM,Ropa,Otras,10.47297427,0,15.00253564,12.50473128,7/20/2022
794,MAVIC,MAVIC NEUMATICO 29 X 1.95/2.35 V/PI헤 40MM,Repuestos,MAVIC,6.15,3,8.000535,6.9987,7/20/2022
795,MCJ21291,CAMISETA MANGA CORTA CICLISMO ITALIA/GAZZETTA,Ropa,Suarez,35,0,45.0065,40.0015,7/20/2022
796,MCJ621370,CAMISSETA M/C SUAREZ LANE,Ropa,Suarez,26.64,0,40.002624,35.00496,7/20/2022
797,MCR52044,CHAQUETA MEMBRANA SHADOW NEON SUAREZ,Ropa,Suarez,29.2,1,45.00304,40,7/20/2022
798,MCS5137S,PANTALONETA C/T Y COST.,Ropa,Otras,23.62162162,0,35.00724324,28.00343243,7/20/2022
799,MDA01,GOMAS DISCO MDA01 STL,Repuestos,Otras,5.310810811,3,8,6.5,7/20/2022
800,MEDIA001,MEDIA TIPO A KOM,Ropa,Otras,5.162162162,2,8,6.5,7/20/2022
801,MEDIA003,MEDIAS REFLECTIVA KOM,Ropa,Otras,6.405405405,0,10.00524324,8.000351351,7/20/2022
802,MEDIA006,MEDIAS CICLISMO COLINSEG,Ropa,Otras,5.810810811,0,9.006756757,7.002027027,7/20/2022
803,MEDIA007,MEDIA AERO KOM,Ropa,Otras,10.24324324,1,15,12.5,7/20/2022
804,MOR301,MORDAZA NEGRA SCHWALBE TISHIM MO.FDA09,Repuestos,Otras,9.08,0,15.00016,11.0095,7/20/2022
805,NEU2469,NEUMATICO CHAOYANG 700X18-23C F/V 60MM,Repuestos,Chaoyang,3.743243865,0,6.007906403,4.99723056,7/20/2022
806,NOVE-91TG,TI-GOLD 9S,Repuestos,Otras,21.9,1,33.0033,26.00625,7/20/2022
807,NOVE-91SB,SILVER-BLACK 9S,Repuestos,Otras,16.15,3,23.00083,20.00985,7/20/2022
808,ONZE-111TG,TI-GOLD 11S,Repuestos,Otras,33.9,1,48.0024,44.0022,7/20/2022
809,ONZE-111,SILVER-SILVER 11S,Repuestos,Otras,30.5,0,43.005,40.016,7/20/2022
810,P210 MCS5137,PANTALONETA CON TIRANTAS Y COSTURA FLAT,Ropa,Otras,26.64,0,45.00828,34.996968,7/20/2022
811,PAC0230,PACHA 8V 12-32 SHIMANO HG200,Repuestos,Shimano,14.14864865,0,22.00114865,16.99960135,7/20/2022
812,PAC0238,PACHA 9V 11-36 SHIMANO HG200 NEGRA 304484/PAC0238,Repuestos,Shimano,18.14864865,0,30.00879054,24.00158784,7/20/2022
813,PAC1714,PACHA 9V 11-46T ON-TRAIL,Repuestos,Otras,38.31,1,55,48,7/20/2022
814,PAL0558,PALANCAS RAPIFIRE 8V SUNRACE DL-M400 C/VISOR PAL0558,Repuestos,Shimano,17.58108108,0,25.0002973,21.00060135,7/20/2022
815,PALO141,PALANCAS SHIMANO ALTUS 2*9 SL-M2010,Repuestos,Shimano,30.91892008,1,45.00248818,39.00112579,7/20/2022
816,PED0311, PEDAL LOOK VP-R62 ALUM 9/16 GRAS,Accesorios,Otras,49.16216362,3,75.00179682,65.00221274,7/20/2022
817,PISO,SOPORTE PISO P/BICICLETA RUTA,Accesorios,Otras,13.02,0,23.00634,17.00412,7/20/2022
818,PISO 1,SOPORTE PISO P/BICICLETA MONTANERA,Accesorios,Otras,16.72,0,25.00476,20.00548,7/20/2022
819,PROT01,PROTECTOR GRANDE,Accesorios,Otras,3.567567703,0,6.000113741,4.502270441,7/20/2022
820,RH2,GOMAS DISCO RH-2 STL,Repuestos,Otras,5.310810811,0,8.003391892,6.495121622,7/20/2022
821,SEWHMT15AFR9QE,"RUEDAS 29er MTB SHIMANO WH-MT15-A-29 NEGRO
ALUMNIO DELANTERA Y TRASERA 28 RAYOS
CENTER LOCK SYSTEMINCLUYE BLOQUEOS.",Repuestos,Shimano,177.6424,2,240.0037645,215.0005967,7/20/2022
822,SOP1005,SOPORTE ZEFAL WIIZ PLASTICO LATERAL NEGRO,Accesorios,ZEFAL,6.63,0,10.00467,7.99578,7/20/2022
823,SOP1007,SOPORTE ZEFAL SPRING PL,Accesorios,ZEFAL,5.013513514,0,10.00195946,6.497513514,7/20/2022
824,SY-B024,"Cauchos 26x2, 10 SY-B024",Repuestos,AC,6.5,0,9.0025,9.0025,7/20/2022
825,SY-B049,Cauchos 700x25c SY-B049,Repuestos,AC,5.3,0,7.0013,5.9996,7/20/2022
826,TAYA,PROTECTOR PARA CUADRO,Accesorios,Otras,2,0,3,3,7/20/2022
827,TB00281700,IKON OEM 29X2.20 60 TPI,Repuestos,MAXXIS,14.45,5,20.00061,18,7/20/2022
828,TB00281701,"IKON OEM 27,5X2.20 60 TPI",Repuestos,MAXXIS,14.45,4,20,18,7/20/2022
829,TB003102,LLANTA ARDENT RACE OEM 29X2.20 60TPI,Repuestos,MAXXIS,14.01333259,0,22,22,7/20/2022
830,TB00332800,IKON 27.5*2.20 AR 2C/EXO/TR/DARKW/60,Repuestos,Otras,48.35,1,70.00792006,58.00711492,7/20/2022
831,TB003966,LLANTA IKON OEM 26X2.20 60TPI,Repuestos,MAXXIS,10.7,0,18.0081,15.0014,7/20/2022
832,TB-600,SILVER-BLACK 8S,Repuestos,Otras,9.99,0,14.00598,12.00798,7/20/2022
833,TBO0332900,IKON 29*2.20 AR EXO/TR/DARKWALL 60TPI,Repuestos,Otras,48.05,1,70.00033885,58.00124184,7/20/2022
834,TEN0580,TENSOR MTB SUNRACE 8V RD-M40,Repuestos,Otras,10.12162162,0,17.99624324,16.00228378,7/20/2022
835,TRA292,LLTA 29*2.20 MSC TRACTOR SKINWALL TRA292,Repuestos,Otras,21.14864865,0,35.00101351,28.00081081,7/20/2022
836,UNAAQUILA,Unas para bicicleta Aquila,Repuestos,Otras,5.081081081,3,8.000162162,6.501243243,7/20/2022
837,UNI0322,CONECTOR CADENILLA 9VEL SILVER,Repuestos,Otras,2.926757946,0,5.004756088,4.009658386,7/20/2022
838,UNI0324,CONECTOR CADENILLA 10 VEL KMC/MISSING,Repuestos,Otras,3.459459838,0,6.002162819,4.500757249,7/20/2022
839,WCJ001,CAMISA CLASSIC DAMA SUAREZ,Ropa,Suarez,27.64,1,40,35,7/20/2022
840,WCJ002,CAMISA AVANT DAMA SUAREZ,Ropa,Suarez,27.64,1,45.0036,34.9974,7/20/2022
841,WCJ21244,CAMISETA MANGA CORTA SUAREZ FANTASY,Ropa,Suarez,26.64,1,45,40,7/20/2022
842,WCJ004,CAMISETA ML POISE GREY ,Ropa,Suarez,21.41891911,1,35,30,7/20/2022
843,WCR42148,CHAQUETA HELIO SUAREZ,Ropa,Suarez,29.52702592,1,45,40,7/20/2022
844,WCJ51144,CAMISETA MANGA CORTA SUAREZ ,Ropa,Suarez,21.42,1,35,30,7/20/2022
845,WCS57170,PANTALON CIT VENTURE 2.0,Ropa,Otras,29.52702592,0,40.00912012,38.00128236,7/20/2022
846,XCA05110574,PROTECTOR FACIAL SUAREZ,Ropa,Suarez,4.64,0,10.00384,8.004,7/20/2022
847,XCA0516,CARAMANOLA SUAREZ NEGRO,Accesorios,Suarez,4.85,0,8.0025,5.4999,7/20/2022
848,XCAD51170574,BUFF HEADWEAR COLOR FOUR PACK SUAREZ,Ropa,Suarez,5.36,0,10.00712,7.00016,7/20/2022
849,Y04110000,"GRASA PREMUM SHIMANO PRESENTACION DE 50
GRAMOS EMPAQUE INDIVIDUAL.",Repuestos,Shimano,10.68,0,15.00084276,13.0019412,7/20/2022
850,Y04110200,"GRASA PREMUM SHIMANO PRESENTACION DE 100
GRAMOS EMPAQUE INDIVIDUAL.",Repuestos,Shimano,16.12,0,22.001198,20.009884,7/20/2022
851,Y12009050,"HERRAMENTA EXTRACTOR DE RACHET SHIMANO
TL-FW30 EMPAQUE INDIVIDUAL.",Repuestos,Shimano,12.11,1,17.00057952,15.0047856,7/20/2022
852,Y13009220,"HERRAMENTA PARA MONTAJE Y DESMONTAJE DE
TORNILLO DE BIELAS SHIMANO TL-FC16
HOLLOWTECH 2 EMPAQUE INDIVIDUAL.",Repuestos,Shimano,1.91,0,1.914,2.501598,7/20/2022
853,Y13009230,"HERRAMENTA ADAPTADOR SHIMANO TL-FC33
EXTRACTOR DE CAJA DE CENTRO EMPAQUE
INDIVIDUAL.",Repuestos,Shimano,34.78,0,34.7768,42.00341904,7/20/2022
854,Y13098900,HERRAMIENTA LLAVE PLANA SHIMANO TL-7S20 LLAVE 17*22 MM*2 PIEZAS LLAVE,Repuestos,Shimano,14.5232,0,20,17.5,7/20/2022
855,Y13098900,HERRAMIENTA EXTRACTOR DE CAJA DE CENTRO SHIMANO TL-BB13 CASOLETA PRESS FIT ,Repuestos,Shimano,70.76,0,92,85,7/20/2022
856,Y23098020,HERRAMIENTA LLAVE PLANA SHIMANO TL-HS35 PARA CONOS 15 MM,Repuestos,Shimano,20.1028,0,27,24,7/20/2022
857,??J51136,CAMISETA ML POISE GREY TALLA L-XL-2XL,Ropa,Otras,21.41891911,2,35.00922328,30.00790567,7/20/2022
858,???061,CABLE DE CAMBIO 150 CM TAIWAN,Repuestos,Otras,1.075674351,0,1.075674351,1.075674351,7/20/2022
859,????503,CUNAS TRASERAS LISA INDIA,Repuestos,Otras,1.054054946,0,1.054054946,1.054054946,7/20/2022
860,???050410361,GORRO TALLA O COLOR EPIC SUAREZ,Accesorios,Otras,7.905404541,1,10.00033674,10.00033674,7/20/2022
861,???05108,MANGAS SKIN SUAREZ,Accesorios,Suarez,10.60810681,1,14.00270099,14.00270099,7/20/2022
862,???05154,MEDIAS AERO BLACK/WHITE SUAREZ,Ropa,Suarez,11.87837714,0,16.000174,16.000174,7/20/2022
863,???0588,MEDIAS SUAREZ REAL,Ropa,Suarez,6.554053405,2,9.001992352,9.001992352,7/20/2022
864,306427,Juego de Cambios TZ500 7V SHIMANO,Repuestos,Shimano,18.64,1,25,22,7/20/2022
865,306427-1,Manillas de  Juego de Cambios TZ500 7V SHIMANO,Repuestos,Shimano,6.21,3,10,8,7/20/2022
866,306427-2,Descarrilador de Juego de Cambios TZ500 7V SHIMANO,Repuestos,Shimano,6.21,2,12,10,7/20/2022
867,40010-1,FRENOS HIDRAULICOS M-6100,Repuestos,Shimano,90,1,200,180,7/20/2022
868,304465-1,PACHA MF-TZ500-7 14-28T GW,Repuestos,GW,7,0,10,9,7/20/2022
869,309459,Manillas Revoshifters SL-RS25-7V,Repuestos,Shimano,9.65,44,15,15,7/20/2022
870,50096-1,Manillas 3x8 frenos Hidraulicos Shimano,Repuestos,Shimano,20.22,1,80,70,7/20/2022
871,SUNM33,SHIFTER 3*8 SUNRACE,Repuestos,SUNRACE,30,0,35,35,7/20/2022
872,307537,Guia y Rodaja RD-M410 SHIMANO,Repuestos,Shimano,5.98,3,9,7.5,7/20/2022
873,501493,Frenos Hidraulicos Shimano Deore M-8100,Repuestos,Shimano,331,0,430,390,7/20/2022
874,501501-1,MANZANAS LOGAN,Repuestos,LOGAN,24.095,2,35,35,7/20/2022
875,200,BOTELLA PORTAHERRAMIENTAS ,Accesorios,Otras,7,2,9,8,7/20/2022
876,402255,Puntilla Trasera 176mm FH-MT200-B,Repuestos,Shimano,10.83,5,14,14,7/20/2022
877,TRIPANG,"NEUMATICO RIN 16"" ",Repuestos,Otras,2,1,3,3,7/20/2022
878,1557,Porta bidonlateral PULSE Z2+bidon SENSE PRO 50 NEGRO ZEFAL,Accesorios,ZEFAL,16.704,2,20,20,7/20/2022
879,MAILOTZONA,MAILLOT ZONA GW BARQUSIMETO,Ropa,Otras,43,2,35,35,7/20/2022
880,7434,Cauchos Chaoyang Hornet 27.5*2.0 PLEGABLE,Repuestos,Chaoyang,25.93,4,35,32,7/20/2022
881,SILLINGWBAS,SILLIN GW BASICO,Accesorios,GW,8,3,12,10,7/20/2022
882,403519,Manzana trasera SLX,Repuestos,Shimano,70,1,90,85,7/20/2022
883,93,CAMBIO TRASERO LT-WOO  A2,Repuestos,Otras,16,1,18,16,7/20/2022
884,CHAMFEM,CREMA DE PROTECCION INTIMA PARA MUJER,Accesorios,Otras,18,1,25,23,7/20/2022
885,809033-1,LUZ TRASERA TIPO POLICIA,Accesorios,GW,9,1,14,13,7/20/2022
886,93,LUZ PARA CASCO,Accesorios,Otras,3,1,5,4,7/20/2022
887,94,NEUMATICO MAXXIS,Repuestos,Otras,10,2,12,12,7/20/2022
888,95,CUBIERTA PARA CAMIONETA,Accesorios,Otras,80,1,130,100,7/20/2022
889,11A00053,"Vittoria Mota 29*2,35-fold full black 4C G2.0 TLR",Repuestos,VITTORIA,34.8,1,42,40,7/20/2022
890,11A00037,"Vittoria Mezcal XC -TRAIL ANTRHRACITE-BLK-BLK G2.0/29*2,25 TNT G2.0/29*2,25 XCR",Repuestos,VITTORIA,45.24,0,55,53,7/20/2022
891,11A00066,"Vittoria Terreno XC-Race Full Black G 2,0/29*2,25 XCR",Repuestos,VITTORIA,45.24,0,55,53,7/20/2022
892,1113442547111TG,"Vittoria Randoneeur rigid 26 *1,75""",Repuestos,VITTORIA,12.528,1,16,16,7/20/2022
893,4301,Kit de reparacion de cauchos Tubeless,Accesorios,Otras,26.448,0,32,32,7/20/2022
894,1770,Porta Bidon de carbono pulse L2-NEGRO-ZEFAL,Accesorios,ZEFAL,17.4,0,22,22,7/20/2022
895,1557,Porta bidonlateral PULSE Z2+bidon SENSE PRO 50 NEGRO ZEFAL,Accesorios,ZEFAL,16.704,1,20,20,7/20/2022
896,1700,Porta bidon lateral WIIZ NEGRO ZEFAL,Accesorios,ZEFAL,5.568,0,8,8,7/20/2022
897,4300,Tanque Inflador para cauchos Tubeless 145 psi zefal,Accesorios,ZEFAL,57.42,0,70,70,7/20/2022
898,1674,Termo Arctica 750 ml Anaranjado-zefal,Accesorios,ZEFAL,9.744,1,15,15,7/20/2022
899,1671,Termo Arctica 750 ml Azul-zefal,Accesorios,ZEFAL,9.744,0,15,15,7/20/2022
900,1673,Termo Arctica 750 ml Rojo-zefal,Accesorios,ZEFAL,9.744,1,15,15,7/20/2022
901,1675,Termo Arctica 750 ml Rosado-zefal,Accesorios,ZEFAL,9.744,1,15,15,7/20/2022
902,1668,Termo Arctica 550 ml Negro-zefal,Accesorios,ZEFAL,12.528,0,15,15,7/20/2022
903,1537,Termo Sense grip de 800 ml-negro humo-rosado zefal,Accesorios,ZEFAL,3.48,0,6,6,7/20/2022
904,YL-1034,Pastilla defreno (formula) marca Andson ,Repuestos,Otras,4.06,1,5,5,7/20/2022
905,YL-1039,Pastilla de freno (Shimano) marca Andson ,Repuestos,Otras,4.06,1,5,5,7/20/2022
906,YL-1015,Pastilla de freno (Shimano) marca Andson Ref:YL-1015,Repuestos,Otras,4.06,1,5,5,7/20/2022
907,YL-1001,Pastilla de freno (Shimano) marca Andson Ref:YL-1001,Repuestos,Otras,4.06,1,5,5,7/20/2022
908,YL-1020,Pastilla de freno (Shimano) marca Andson Ref:YL-1020,Repuestos,Otras,4.06,1,5,5,7/20/2022
909,GLOV0172LARG,Guantes largos Miami Dos Handup Talla L,Accesorios,ZEFAL,15,0,20,20,7/20/2022
910,SHOR0883 MEDI,Guantes Cortos Poncho II Handup Talla M,Accesorios,ZEFAL,18,1,20,20,7/20/2022
911,CONTCROSS29,"LLANTA CONTINENTAL CROSS KING  29*2,20",Repuestos,CONTINENTAL,40,1,50,48,7/20/2022
912,LLN0676,LLANTA TIOGA FASTR X 20,Repuestos,Otras,16.14,2,25,20,7/20/2022
913,999308,TERMO 800ML,Accesorios,Otras,3.98,4,6,5,7/20/2022
914,101,MAZAS TRASERAS DE 32 HUECOS DISCOS DE TORNILLOS  MARCA MIXXI,Repuestos,Otras,24,1,35,30,7/20/2022
915,102,Sillin AQUILA,Accesorios,Otras,10,1,12,10,7/20/2022
916,103,SILLIN ON TRAIL,Accesorios,Otras,10,1,12,10,7/20/2022
917,104,Portatermo Tornasol,Accesorios,Otras,2.7,1,4,3,7/20/2022
918,815776,Guantes GW reflectivos,Accesorios,GW,20.23,3,26,25,7/20/2022
919,S247-1,Guantes p/ciclismo S247-1,Accesorios,AC,12,1,17,15,7/20/2022
920,S107,Guante CORTO negro Rockbros,Accesorios,AC,10,2,15,15,7/20/2022
921,RB-SO30,Guante corto gris Rockbros,Accesorios,AC,10,2,15,15,7/20/2022
922,105,BOLSO ADIDAS,Accesorios,Otras,15,1,20,20,7/20/2022
923,KIMNGCT,Cambio Trasero Shimano Acera rd-ms60,Repuestos,Shimano,28,0,35,35,7/20/2022
924,KIMNGT,"TIJAS PARA MANUBRIO 28,2 CM",Accesorios,Otras,11,4,15,15,7/20/2022
925,1009100,LUBRICANTE DE CADENA SQUIRT LUBE CHAIN 15 ML,Accesorios,SQUIRT,1.34,20,2,2,7/20/2022
926,1009101,LUBRICANTE DE CADENA SQUIRT LUBE CHAIN 120 ML,Accesorios,SQUIRT,9.58,12,14,14,7/20/2022
